profit,poids,Nombre génération,Nombre population,Nombre meilleur solution sélectionnée,Probabilité crossover,Probabilité mutation,Items sélectionnés,Type population initiale
970,970,"75,55",350,150,45,0.5,0.3,LOW,8.567089796066284
970,970,"75,53,85",350,150,45,0.5,0.3,HIGH,8.645879030227661
970,970,"4,48",350,140,42,0.5,0.3,LOW,8.679788589477539
925,939,"84,85,31",350,130,39,0.5,0.3,HIGH,8.689764022827148
970,970,"2,12,32",350,150,45,0.5,0.3,MEDIUM,8.799468517303467
970,970,"2,99",350,140,42,0.5,0.3,MEDIUM,8.82440185546875
970,970,"74,92,77",350,140,42,0.5,0.3,HIGH,8.876262903213501
970,970,"46,22,28",350,110,33,0.5,0.3,MEDIUM,7.266290187835693
970,970,"2,12,77,85",350,130,39,0.5,0.3,MEDIUM,7.694146394729614
887,943,"46,84,85,27",350,120,36,0.5,0.3,HIGH,7.594412565231323
970,970,"2,3,77",350,130,39,0.5,0.3,LOW,7.6981353759765625
970,970,"74,75,52",350,120,36,0.5,0.3,LOW,7.6572442054748535
970,970,"4,48",350,120,36,0.5,0.3,MEDIUM,7.743014097213745
925,939,"2,35,92,61",350,110,33,0.5,0.3,HIGH,7.623336315155029
970,970,"73,13",350,110,33,0.5,0.3,LOW,8.709680795669556
970,970,"28,48",350,100,30,0.5,0.3,MEDIUM,8.738603830337524
970,970,"2,54",350,100,30,0.5,0.3,HIGH,8.880223274230957
970,970,"2,52,44",350,100,30,0.5,0.3,LOW,8.92011833190918
970,970,"2,83",350,90,27,0.5,0.3,LOW,8.79445481300354
970,970,"2,46,85,22",350,90,27,0.5,0.3,HIGH,9.035809755325317
970,970,"75,46,53,28",350,90,27,0.5,0.3,MEDIUM,9.032818794250488
970,970,"2,68,22",350,80,24,0.5,0.3,LOW,8.19302749633789
970,970,"48,53,63",350,80,24,0.5,0.3,HIGH,8.471283197402954
970,970,"2,44",350,70,21,0.5,0.3,HIGH,8.258897304534912
970,970,"19,22",350,70,21,0.5,0.3,MEDIUM,8.353643655776978
970,970,"2,28,53",350,70,21,0.5,0.3,LOW,8.45038390159607
970,970,"52,21",350,80,24,0.5,0.3,MEDIUM,8.950047016143799
970,970,"92,53,46,45",350,60,18,0.5,0.3,HIGH,8.62292218208313
970,970,"11,13,53",350,60,18,0.5,0.3,MEDIUM,8.236278057098389
970,970,"2,60,52",350,60,18,0.5,0.3,LOW,8.49757981300354
925,939,"68,39,75,52",350,50,15,0.5,0.3,MEDIUM,8.284971714019775
970,970,"2,85,48",350,50,15,0.5,0.3,HIGH,8.67846941947937
970,970,"92,85,45,53",350,40,12,0.5,0.3,HIGH,8.766370058059692
970,970,"1,63",350,50,15,0.5,0.3,LOW,8.975811004638672
925,939,"75,82,84,85,92",350,40,12,0.5,0.3,MEDIUM,8.798286199569702
970,970,"4,77,55",350,40,12,0.5,0.3,LOW,8.557444095611572
970,970,"12,77,53,63",350,30,9,0.5,0.3,HIGH,8.598371267318726
970,970,"2,12,13,77",350,30,9,0.5,0.3,LOW,8.600947856903076
925,939,"35,44,13",350,30,9,0.5,0.3,MEDIUM,8.889724254608154
970,970,"75,21,53",350,20,6,0.5,0.3,HIGH,8.647684097290039
970,970,"99,92",350,20,6,0.5,0.3,MEDIUM,8.620755672454834
970,970,"2,12,77,53,22",350,20,6,0.5,0.3,LOW,8.65366792678833
925,939,"75,82,90,28",340,150,45,0.5,0.3,HIGH,7.640275239944458
970,970,"1,2,22",340,150,45,0.5,0.3,MEDIUM,7.370995044708252
970,970,"2,60,22",350,10,3,0.5,0.3,HIGH,8.759318113327026
925,939,"2,12,77,90,92",340,150,45,0.5,0.3,LOW,7.608535051345825
970,970,"34,85",340,140,42,0.5,0.3,HIGH,7.616512775421143
887,943,"85,71,63",350,10,3,0.5,0.3,MEDIUM,8.988842725753784
970,970,"12,53,77",350,10,3,0.5,0.3,LOW,9.110515117645264
970,970,"1,2",340,140,42,0.5,0.3,MEDIUM,7.351097345352173
970,970,"52,68,92",340,130,39,0.5,0.3,HIGH,6.9541614055633545
970,970,"1,13,77",340,140,42,0.5,0.3,LOW,7.169583797454834
970,970,"4,13,22",340,130,39,0.5,0.3,LOW,7.377914667129517
970,970,4,340,130,39,0.5,0.3,MEDIUM,7.530505895614624
925,939,"2,39,75,12,22",340,120,36,0.5,0.3,HIGH,7.352981328964233
970,970,"75,52,53,31",340,120,36,0.5,0.3,MEDIUM,6.976988315582275
970,970,"2,60",340,120,36,0.5,0.3,LOW,7.2552618980407715
970,970,"2,4,13",340,110,33,0.5,0.3,MEDIUM,7.19043493270874
970,970,"53,6",340,110,33,0.5,0.3,HIGH,7.803142309188843
970,970,"75,12,61",340,110,33,0.5,0.3,LOW,7.963649749755859
970,970,"2,75,13,63",340,100,30,0.5,0.3,MEDIUM,8.028475522994995
970,970,"1,63",340,100,30,0.5,0.3,HIGH,8.207996368408203
970,970,"2,21",340,100,30,0.5,0.3,LOW,8.229037523269653
970,970,"2,83",340,90,27,0.5,0.3,HIGH,8.518013954162598
970,970,"2,63,32",340,90,27,0.5,0.3,LOW,8.399070739746094
970,970,"2,60",340,90,27,0.5,0.3,MEDIUM,8.930994033813477
970,970,"28,4",340,80,24,0.5,0.3,HIGH,8.66571569442749
970,970,"46,45",340,80,24,0.5,0.3,MEDIUM,8.816450595855713
970,970,"45,13,53,92",340,80,24,0.5,0.3,LOW,8.972132444381714
970,970,"34,13",340,70,21,0.5,0.3,HIGH,8.903356313705444
970,970,"85,75,13",340,70,21,0.5,0.3,MEDIUM,8.083876132965088
970,970,"1,2,22",340,70,21,0.5,0.3,LOW,8.110719919204712
970,970,"75,12,61",340,60,18,0.5,0.3,HIGH,8.440836191177368
970,970,"68,12",340,60,18,0.5,0.3,MEDIUM,8.029642820358276
925,939,"35,13,61,53",340,60,18,0.5,0.3,LOW,8.15873908996582
970,970,"1,12",340,50,15,0.5,0.3,HIGH,8.272335767745972
970,970,"28,2,46",340,50,15,0.5,0.3,MEDIUM,8.276188850402832
970,970,"2,44,52",340,50,15,0.5,0.3,LOW,8.109834671020508
970,970,"34,75,22",340,40,12,0.5,0.3,HIGH,8.26646113395691
970,970,"85,79",340,40,12,0.5,0.3,MEDIUM,8.161742925643921
970,970,"1,77,13",340,40,12,0.5,0.3,LOW,8.259975910186768
925,939,"77,90,92,32",340,30,9,0.5,0.3,MEDIUM,8.093324661254883
970,970,"34,13",340,30,9,0.5,0.3,HIGH,8.514195919036865
970,970,"2,28,13",340,30,9,0.5,0.3,LOW,8.034481525421143
970,970,"92,52,63",340,20,6,0.5,0.3,HIGH,8.029518365859985
925,939,"39,53,22,60",340,20,6,0.5,0.3,MEDIUM,7.7242889404296875
887,943,"39,13,84,52,22,96",340,20,6,0.5,0.3,LOW,7.702347993850708
970,970,"68,52,22",330,150,45,0.5,0.3,HIGH,6.565348148345947
970,970,"11,12",340,10,3,0.5,0.3,HIGH,7.993528366088867
887,943,"39,75,22,90,63,96",340,10,3,0.5,0.3,MEDIUM,7.80303692817688
970,970,"75,61,55",340,10,3,0.5,0.3,LOW,7.990536212921143
925,939,"74,2,35",330,150,45,0.5,0.3,MEDIUM,6.3932812213897705
970,970,"2,92,4,53",330,150,45,0.5,0.3,LOW,6.418214321136475
925,939,"76,77,53",330,140,42,0.5,0.3,HIGH,6.531910181045532
970,970,"11,22",330,140,42,0.5,0.3,MEDIUM,6.567866325378418
970,970,"4,61",330,140,42,0.5,0.3,LOW,6.73946738243103
970,970,"74,82",330,130,39,0.5,0.3,HIGH,7.039750099182129
970,970,"19,13,53",330,130,39,0.5,0.3,MEDIUM,7.179377317428589
970,970,"1,2",330,130,39,0.5,0.3,LOW,7.4115519523620605
925,939,"82,35,31",330,120,36,0.5,0.3,HIGH,7.490341663360596
970,970,"2,77,34",330,120,36,0.5,0.3,MEDIUM,7.809542179107666
970,970,"2,13",330,120,36,0.5,0.3,LOW,8.467729330062866
970,970,"2,83",330,110,33,0.5,0.3,HIGH,8.889541387557983
970,970,"19,32",330,110,33,0.5,0.3,MEDIUM,8.80778193473816
925,939,"2,4,75,90",330,110,33,0.5,0.3,LOW,8.725005149841309
887,943,"35,39,46,53,22,58",330,100,30,0.5,0.3,HIGH,7.388706684112549
970,970,"82,92,61",330,100,30,0.5,0.3,MEDIUM,7.34286904335022
970,970,"2,46,13,22",330,100,30,0.5,0.3,LOW,7.887654542922974
970,970,"75,44,85",330,90,27,0.5,0.3,HIGH,7.447913408279419
970,970,"2,77,79",330,90,27,0.5,0.3,MEDIUM,7.626608848571777
970,970,"2,4,13",330,90,27,0.5,0.3,LOW,7.36324405670166
925,939,"1,2,75,84",330,80,24,0.5,0.3,HIGH,7.190704107284546
887,943,"65,4,92,96",330,80,24,0.5,0.3,MEDIUM,7.434972286224365
970,970,"2,77,85,32",330,80,24,0.5,0.3,LOW,7.349165439605713
970,970,"2,77,92,61",330,70,21,0.5,0.3,HIGH,7.493138551712036
970,970,"13,77,31",330,70,21,0.5,0.3,MEDIUM,8.096675872802734
970,970,"2,55",330,70,21,0.5,0.3,LOW,8.126333236694336
970,970,"52,22,32",330,60,18,0.5,0.3,HIGH,8.224710941314697
970,970,"82,52,85,22",330,60,18,0.5,0.3,MEDIUM,8.62473464012146
925,939,"90,2,34",330,60,18,0.5,0.3,LOW,9.214361429214478
970,970,"82,12,85",330,50,15,0.5,0.3,HIGH,9.191423892974854
970,970,"2,52,22,55",330,50,15,0.5,0.3,MEDIUM,8.78818392753601
970,970,"4,53,63",330,50,15,0.5,0.3,LOW,8.883794784545898
925,939,"75,82,85,90,92",330,40,12,0.5,0.3,HIGH,8.993721961975098
970,970,"2,13,82,22",330,40,12,0.5,0.3,MEDIUM,8.914255857467651
925,939,"99,77,90",330,40,12,0.5,0.3,LOW,8.788500308990479
925,939,"75,35,19,22",330,30,9,0.5,0.3,HIGH,7.407946586608887
925,939,"35,68,92,77",330,30,9,0.5,0.3,MEDIUM,7.368050813674927
970,970,"2,22,55",330,30,9,0.5,0.3,LOW,7.410598993301392
887,943,"75,77,53,59,96,32",330,20,6,0.5,0.3,HIGH,7.500256061553955
925,939,"90,2,3",330,20,6,0.5,0.3,MEDIUM,7.195938587188721
970,970,"53,22,79",330,20,6,0.5,0.3,LOW,7.4013895988464355
970,970,"52,46,48",330,10,3,0.5,0.3,HIGH,7.4372944831848145
925,939,"90,94",320,150,45,0.5,0.3,HIGH,6.534522533416748
925,939,"44,84,92,77",330,10,3,0.5,0.3,LOW,7.661508083343506
970,970,"11,22",330,10,3,0.5,0.3,MEDIUM,8.003598928451538
925,939,"77,46,82,22,90",320,150,45,0.5,0.3,MEDIUM,6.486652374267578
970,970,"31,32",320,150,45,0.5,0.3,LOW,6.7758800983428955
970,970,"73,13",320,140,42,0.5,0.3,HIGH,7.042166233062744
970,970,"2,22,13,46",320,140,42,0.5,0.3,MEDIUM,6.902538061141968
970,970,"2,11,22",320,130,39,0.5,0.3,MEDIUM,6.247289180755615
970,970,"82,3",320,140,42,0.5,0.3,LOW,6.5165650844573975
925,939,"90,92,79",320,130,39,0.5,0.3,HIGH,6.6721556186676025
925,939,"68,77,52,84",320,130,39,0.5,0.3,LOW,6.37594747543335
970,970,"3,52,77",320,120,36,0.5,0.3,HIGH,6.186452388763428
970,970,"2,45,13,53",320,120,36,0.5,0.3,MEDIUM,6.3460283279418945
970,970,"4,82,92",320,120,36,0.5,0.3,LOW,6.416838884353638
970,970,"13,77,52,53,85",320,110,33,0.5,0.3,HIGH,6.391905307769775
925,939,"95,39",320,110,33,0.5,0.3,LOW,6.208395481109619
925,939,"2,35,75,48,53",320,110,33,0.5,0.3,MEDIUM,6.945424318313599
970,970,"68,32",320,100,30,0.5,0.3,HIGH,6.728006362915039
970,970,"2,28,85",320,100,30,0.5,0.3,MEDIUM,6.667169094085693
970,970,"76,13,77",320,100,30,0.5,0.3,LOW,7.047152757644653
970,970,"68,12",320,90,27,0.5,0.3,HIGH,7.3902223110198975
887,943,"65,35,84,22,61",320,90,27,0.5,0.3,MEDIUM,7.285515069961548
925,939,"84,13,77,48",320,90,27,0.5,0.3,LOW,7.271552801132202
970,970,"75,77,46,61",320,80,24,0.5,0.3,HIGH,7.527867794036865
925,939,"35,94",320,80,24,0.5,0.3,MEDIUM,7.227669715881348
970,970,"2,28,46",320,80,24,0.5,0.3,LOW,7.098016738891602
925,939,"39,75,82,85",320,70,21,0.5,0.3,HIGH,7.203734874725342
970,970,"85,46,55",320,70,21,0.5,0.3,MEDIUM,7.066102027893066
970,970,"4,13,22",320,70,21,0.5,0.3,LOW,6.858657360076904
970,970,"12,75",320,60,18,0.5,0.3,HIGH,7.003270387649536
970,970,"28,48",320,60,18,0.5,0.3,MEDIUM,7.5099146366119385
970,970,"60,12",320,60,18,0.5,0.3,LOW,7.236647129058838
970,970,"1,12",320,50,15,0.5,0.3,HIGH,7.2496113777160645
970,970,"74,75,92",320,50,15,0.5,0.3,MEDIUM,7.177802562713623
970,970,"2,54",320,50,15,0.5,0.3,LOW,7.248613357543945
970,970,"52,13,22",320,40,12,0.5,0.3,HIGH,7.121952056884766
970,970,"2,4,13",320,40,12,0.5,0.3,MEDIUM,7.053136587142944
970,970,"2,53,34",320,40,12,0.5,0.3,LOW,7.458051681518555
970,970,"2,45,32",320,30,9,0.5,0.3,HIGH,6.959386825561523
970,970,"12,31",320,30,9,0.5,0.3,MEDIUM,6.730998992919922
970,970,"52,22,92,63",320,30,9,0.5,0.3,LOW,7.071088075637817
970,970,"4,61",320,20,6,0.5,0.3,HIGH,7.21769642829895
970,970,"31,32",320,20,6,0.5,0.3,MEDIUM,7.255595445632935
970,970,"75,77,22,92,32",320,20,6,0.5,0.3,LOW,7.463040351867676
970,970,"92,76,53",320,10,3,0.5,0.3,MEDIUM,7.439104318618774
970,970,"1,2,22",320,10,3,0.5,0.3,HIGH,7.8829169273376465
970,970,"28,13,22",320,10,3,0.5,0.3,LOW,7.979658126831055
970,970,"82,92,4",310,150,45,0.5,0.3,HIGH,6.662183046340942
970,970,"2,77,53,22,55",310,150,45,0.5,0.3,MEDIUM,6.788844108581543
970,970,"1,77,85",310,150,45,0.5,0.3,LOW,6.511585235595703
970,970,"13,77,55,92",310,140,42,0.5,0.3,HIGH,6.674150705337524
925,939,"2,84,13,77",310,140,42,0.5,0.3,MEDIUM,6.26053261756897
970,970,"91,77",310,140,42,0.5,0.3,LOW,6.250962972640991
970,970,"2,77,85,55",310,130,39,0.5,0.3,HIGH,6.450618267059326
970,970,"1,45",310,130,39,0.5,0.3,MEDIUM,6.425685167312622
970,970,"75,12,53",310,130,39,0.5,0.3,LOW,6.235194683074951
970,970,"1,2,22",310,120,36,0.5,0.3,HIGH,6.237189292907715
970,970,"75,92,61",310,120,36,0.5,0.3,MEDIUM,5.922032356262207
925,939,"1,2,84,53",310,120,36,0.5,0.3,LOW,5.904802083969116
970,970,"1,45",310,110,33,0.5,0.3,HIGH,5.953267812728882
970,970,"19,32",310,110,33,0.5,0.3,MEDIUM,5.497297525405884
925,939,"75,44,77,84,53",310,110,33,0.5,0.3,LOW,5.747629165649414
970,970,"99,2",310,100,30,0.5,0.3,HIGH,5.809462785720825
970,970,"28,92,46",310,100,30,0.5,0.3,LOW,5.865313529968262
970,970,"19,52,22",310,100,30,0.5,0.3,MEDIUM,6.156534910202026
970,970,"73,75,92",310,90,27,0.5,0.3,HIGH,5.908200025558472
970,970,"2,76",310,90,27,0.5,0.3,MEDIUM,5.934129238128662
970,970,"12,82,53,92",310,90,27,0.5,0.3,LOW,5.905209541320801
925,939,"77,46,84,53,22,92",310,80,24,0.5,0.3,HIGH,6.620293140411377
970,970,"77,55",310,80,24,0.5,0.3,MEDIUM,6.1216278076171875
925,939,"35,52,79",310,70,21,0.5,0.3,HIGH,6.15154767036438
970,970,"11,13,75",310,80,24,0.5,0.3,LOW,6.205403566360474
970,970,"83,52",310,70,21,0.5,0.3,MEDIUM,6.532528877258301
970,970,"4,12,53",310,70,21,0.5,0.3,LOW,6.502608776092529
925,939,"4,77,84,53,92",310,60,18,0.5,0.3,HIGH,6.444763422012329
970,970,"2,21",310,60,18,0.5,0.3,MEDIUM,6.441771507263184
970,970,"75,77,52,22,55",310,60,18,0.5,0.3,LOW,6.701077938079834
970,970,"68,12",310,50,15,0.5,0.3,MEDIUM,6.751941919326782
970,970,"11,12",310,50,15,0.5,0.3,HIGH,6.922486066818237
970,970,"4,61",310,50,15,0.5,0.3,LOW,7.162843227386475
970,970,"11,32",310,40,12,0.5,0.3,HIGH,7.132923126220703
925,939,"34,84,22",310,40,12,0.5,0.3,MEDIUM,7.172816514968872
925,939,"34,92,39",310,40,12,0.5,0.3,LOW,7.247616529464722
970,970,"75,77,55,63",310,30,9,0.5,0.3,HIGH,7.278534173965454
970,970,"12,85,46",310,30,9,0.5,0.3,LOW,6.870626449584961
970,970,"77,13,82,53,52",310,30,9,0.5,0.3,MEDIUM,7.007260799407959
970,970,"11,12",310,20,6,0.5,0.3,HIGH,6.480666637420654
970,970,"12,63",310,20,6,0.5,0.3,MEDIUM,6.679137945175171
970,970,"44,32",310,20,6,0.5,0.3,LOW,6.708060026168823
925,939,"39,63",310,10,3,0.5,0.3,HIGH,6.8646416664123535
925,939,"2,85,22,90,92",310,10,3,0.5,0.3,MEDIUM,6.997286081314087
970,970,"2,99",300,150,45,0.5,0.3,HIGH,5.592042922973633
970,970,"2,31",310,10,3,0.5,0.3,LOW,6.79482626914978
925,939,"12,35,4",300,150,45,0.5,0.3,MEDIUM,5.697761535644531
925,939,"2,75,77,13,90,92",300,150,45,0.5,0.3,LOW,5.421499490737915
970,970,"11,12",300,140,42,0.5,0.3,HIGH,5.541178941726685
970,970,4,300,140,42,0.5,0.3,MEDIUM,5.2090675830841064
970,970,"75,77,85,55",300,140,42,0.5,0.3,LOW,5.613985300064087
970,970,"85,13,32",300,130,39,0.5,0.3,HIGH,5.6578686237335205
970,970,"2,28,77,22",300,130,39,0.5,0.3,MEDIUM,5.624956130981445
970,970,"46,82,55",300,130,39,0.5,0.3,LOW,5.543174505233765
970,970,"73,75,92",300,120,36,0.5,0.3,HIGH,5.300822496414185
970,970,"82,52,12,77",300,120,36,0.5,0.3,MEDIUM,5.6299426555633545
970,970,"74,75,77",300,120,36,0.5,0.3,LOW,5.657869100570679
925,939,"92,45,39,77",300,110,33,0.5,0.3,HIGH,5.452418088912964
970,970,"3,53,22",300,110,33,0.5,0.3,MEDIUM,5.564119338989258
970,970,"2,77,53,92,32",300,110,33,0.5,0.3,LOW,5.436461687088013
970,970,"13,63",300,100,30,0.5,0.3,MEDIUM,5.451420307159424
970,970,"2,21",300,100,30,0.5,0.3,HIGH,5.760593414306641
970,970,"19,45",300,100,30,0.5,0.3,LOW,5.481340408325195
970,970,4,300,90,27,0.5,0.3,HIGH,5.923159122467041
925,939,"35,95",300,90,27,0.5,0.3,MEDIUM,5.589052438735962
970,970,"2,21",300,90,27,0.5,0.3,LOW,5.757601261138916
925,939,"2,90,12",300,80,24,0.5,0.3,HIGH,5.802481651306152
925,939,"90,3,92",300,80,24,0.5,0.3,MEDIUM,5.8264172077178955
970,970,"83,92",300,80,24,0.5,0.3,LOW,5.73466420173645
970,970,"4,82",300,70,21,0.5,0.3,HIGH,5.858334302902222
970,970,"54,22",300,70,21,0.5,0.3,MEDIUM,5.970032691955566
970,970,"2,92,76",300,70,21,0.5,0.3,LOW,5.691778182983398
970,970,"2,21",300,60,18,0.5,0.3,HIGH,6.027878761291504
970,970,"19,63",300,60,18,0.5,0.3,MEDIUM,6.0907111167907715
887,943,"72,75,13,53,22,90",300,60,18,0.5,0.3,LOW,6.086721181869507
970,970,"92,53,79",300,50,15,0.5,0.3,HIGH,6.190445184707642
970,970,"82,75,77,61",300,50,15,0.5,0.3,MEDIUM,6.350014925003052
925,939,"2,39,11,77",300,50,15,0.5,0.3,LOW,6.752939462661743
970,970,"2,75,12,13",300,40,12,0.5,0.3,HIGH,6.781862258911133
970,970,"2,68",300,40,12,0.5,0.3,MEDIUM,6.9075257778167725
970,970,"12,45,22",300,40,12,0.5,0.3,LOW,6.77886962890625
925,939,"1,2,35,53",300,30,9,0.5,0.3,HIGH,6.764907598495483
925,939,"35,76,85",300,30,9,0.5,0.3,MEDIUM,6.700080871582031
970,970,95,300,30,9,0.5,0.3,LOW,6.789841413497925
925,939,"75,12,52,22,90",300,20,6,0.5,0.3,HIGH,6.5375165939331055
970,970,"2,75,53,92,32",300,20,6,0.5,0.3,MEDIUM,6.649216413497925
970,970,"2,4,13",300,20,6,0.5,0.3,LOW,6.319100618362427
970,970,"44,55",300,10,3,0.5,0.3,HIGH,6.198422431945801
970,970,"2,60,52",300,10,3,0.5,0.3,MEDIUM,6.583393335342407
970,970,"2,21",290,150,45,0.5,0.3,HIGH,5.142246723175049
925,939,"1,75,52,90",300,10,3,0.5,0.3,LOW,6.667168855667114
970,970,"4,75,13,53",290,150,45,0.5,0.3,MEDIUM,5.097366094589233
970,970,"2,92,60",290,150,45,0.5,0.3,LOW,4.918844938278198
970,970,"2,75,13,52,22",290,140,42,0.5,0.3,HIGH,5.3546788692474365
887,943,"11,77,50,84,90",290,140,42,0.5,0.3,MEDIUM,5.235996723175049
970,970,"2,85,48",290,140,42,0.5,0.3,LOW,5.2359960079193115
970,970,"2,3,77",290,130,39,0.5,0.3,HIGH,5.354678153991699
970,970,"2,11,22",290,130,39,0.5,0.3,MEDIUM,5.4354634284973145
970,970,"22,4,46",290,130,39,0.5,0.3,LOW,5.189121961593628
970,970,"74,92,77",290,120,36,0.5,0.3,HIGH,4.988657712936401
970,970,"2,13,61",290,120,36,0.5,0.3,MEDIUM,5.477351188659668
970,970,"2,68,52",290,120,36,0.5,0.3,LOW,4.749297857284546
970,970,28,290,110,33,0.5,0.3,HIGH,4.950759172439575
970,970,"2,11,77,75",290,110,33,0.5,0.3,MEDIUM,5.042513608932495
925,939,"35,76,13",290,110,33,0.5,0.3,LOW,5.090387344360352
970,970,"11,55",290,100,30,0.5,0.3,MEDIUM,4.770242214202881
970,970,4,290,100,30,0.5,0.3,HIGH,5.177180767059326
970,970,"73,2,75",290,90,27,0.5,0.3,HIGH,4.720879554748535
970,970,"73,2,53",290,100,30,0.5,0.3,LOW,5.159745454788208
970,970,"2,13,77,45",290,90,27,0.5,0.3,MEDIUM,4.987207412719727
925,939,"35,75,77,52,53,92",290,90,27,0.5,0.3,LOW,5.003556489944458
970,970,"75,12,13,52",290,80,24,0.5,0.3,HIGH,5.1172943115234375
970,970,"2,12",290,80,24,0.5,0.3,MEDIUM,5.136921405792236
970,970,"3,92,53",290,80,24,0.5,0.3,LOW,5.2915403842926025
970,970,"1,32",290,70,21,0.5,0.3,HIGH,5.098621368408203
970,970,"2,92,31",290,70,21,0.5,0.3,MEDIUM,5.215269565582275
925,939,"82,35,76",290,70,21,0.5,0.3,LOW,5.22324800491333
925,939,"1,35,85",290,60,18,0.5,0.3,HIGH,5.524733781814575
970,970,"21,22",290,60,18,0.5,0.3,MEDIUM,5.467010736465454
970,970,"11,52,22",290,60,18,0.5,0.3,LOW,5.240935564041138
925,939,"39,46,53,28",290,50,15,0.5,0.3,HIGH,5.255850076675415
925,939,"52,3,84",290,50,15,0.5,0.3,MEDIUM,5.2697577476501465
970,970,"2,3,75",290,50,15,0.5,0.3,LOW,5.42434287071228
970,970,"4,75,12",290,40,12,0.5,0.3,HIGH,5.201937675476074
970,970,"75,12,53,22",290,40,12,0.5,0.3,MEDIUM,5.417427062988281
970,970,"3,13",290,40,12,0.5,0.3,LOW,5.731670141220093
970,970,"82,53,44",290,30,9,0.5,0.3,HIGH,5.514251708984375
925,939,"11,13,39",290,30,9,0.5,0.3,MEDIUM,5.326740980148315
970,970,"75,77,46,52,53",290,30,9,0.5,0.3,LOW,5.279879093170166
970,970,"3,13",290,20,6,0.5,0.3,HIGH,5.550156354904175
970,970,"60,13,77",290,20,6,0.5,0.3,MEDIUM,5.4933083057403564
970,970,"13,79",290,20,6,0.5,0.3,LOW,5.344706058502197
887,943,"85,22,87,90,92",290,10,3,0.5,0.3,HIGH,5.634929418563843
970,970,"92,76,22",280,150,45,0.5,0.3,HIGH,4.582743167877197
887,943,"39,77,48,53,90,58",290,10,3,0.5,0.3,MEDIUM,6.045830965042114
887,943,"65,12,84,92",290,10,3,0.5,0.3,LOW,6.017906665802002
887,943,"39,75,77,46,84,59",280,150,45,0.5,0.3,MEDIUM,4.640588760375977
970,970,"11,45",280,150,45,0.5,0.3,LOW,4.73134708404541
925,939,"35,77,99",280,140,42,0.5,0.3,HIGH,4.781212329864502
970,970,"2,75,4,22",280,140,42,0.5,0.3,MEDIUM,5.217046499252319
970,970,"2,76",280,130,39,0.5,0.3,HIGH,4.979681968688965
925,939,"74,92,39",280,140,42,0.5,0.3,LOW,5.350691080093384
970,970,"82,75,53,61",280,130,39,0.5,0.3,MEDIUM,5.205080270767212
887,943,"52,28,8",280,130,39,0.5,0.3,LOW,5.167181015014648
970,970,"92,21",280,120,36,0.5,0.3,HIGH,5.446433782577515
970,970,"2,83",280,120,36,0.5,0.3,MEDIUM,5.079415321350098
970,970,"75,60,13",280,120,36,0.5,0.3,LOW,4.926823616027832
970,970,"2,99",280,110,33,0.5,0.3,HIGH,4.9846696853637695
925,939,"79,77,39,53",280,110,33,0.5,0.3,MEDIUM,4.940787076950073
970,970,"2,77,52,61",280,110,33,0.5,0.3,LOW,5.000625848770142
925,939,"2,39,12,53,22",280,100,30,0.5,0.3,HIGH,4.798166990280151
970,970,"75,82,85,53,92",280,100,30,0.5,0.3,MEDIUM,4.803155899047852
925,939,"35,11,77,92",280,100,30,0.5,0.3,LOW,4.964722156524658
970,970,"99,92",280,90,27,0.5,0.3,HIGH,5.120307683944702
970,970,"53,22,75,31",280,90,27,0.5,0.3,MEDIUM,5.2040815353393555
970,970,"82,79",280,90,27,0.5,0.3,LOW,5.318772554397583
970,970,"11,75,53,22",280,80,24,0.5,0.3,HIGH,5.258934736251831
970,970,"4,53,77,85",280,80,24,0.5,0.3,MEDIUM,5.455411911010742
970,970,"2,22,75",280,80,24,0.5,0.3,LOW,5.492311716079712
970,970,"2,28,13",280,70,21,0.5,0.3,HIGH,5.522231101989746
925,939,"2,75,46,85,90",280,70,21,0.5,0.3,MEDIUM,5.712720632553101
925,939,"4,90,12",280,70,21,0.5,0.3,LOW,5.680806398391724
970,970,"68,13,53",280,60,18,0.5,0.3,HIGH,5.531207799911499
925,939,"75,76,77,90",280,60,18,0.5,0.3,MEDIUM,5.551153659820557
970,970,"2,12,45",280,60,18,0.5,0.3,LOW,5.487324953079224
970,970,"12,13",280,50,15,0.5,0.3,HIGH,5.353679418563843
970,970,"4,75,82,53",280,50,15,0.5,0.3,MEDIUM,5.3187761306762695
925,939,"35,12,53,32",280,50,15,0.5,0.3,LOW,4.93380331993103
970,970,"2,19,22",280,40,12,0.5,0.3,HIGH,4.720374822616577
970,970,"2,11,22",280,40,12,0.5,0.3,MEDIUM,4.734338283538818
925,939,"12,39,48",280,40,12,0.5,0.3,LOW,5.003617525100708
970,970,"2,13",280,30,9,0.5,0.3,HIGH,4.942779779434204
925,939,"1,35,46",280,30,9,0.5,0.3,MEDIUM,4.790188789367676
970,970,"75,13,22,32",280,30,9,0.5,0.3,LOW,4.735334396362305
970,970,4,280,20,6,0.5,0.3,HIGH,4.695444345474243
925,939,"35,74,75,53",280,20,6,0.5,0.3,MEDIUM,4.663527488708496
970,970,"82,85,13,77",280,20,6,0.5,0.3,LOW,4.621639251708984
849,947,"72,78,82,84,22",280,10,3,0.5,0.3,HIGH,4.737330675125122
925,939,"2,46,53,90",280,10,3,0.5,0.3,MEDIUM,4.568781137466431
970,970,"2,4,13",270,150,45,0.5,0.3,HIGH,3.76094126701355
970,970,"19,12",280,10,3,0.5,0.3,LOW,4.525895595550537
970,970,"3,52,75",270,150,45,0.5,0.3,MEDIUM,3.5564863681793213
970,970,4,270,150,45,0.5,0.3,LOW,3.871640920639038
970,970,"2,75,44,53",270,140,42,0.5,0.3,HIGH,3.9843437671661377
970,970,"2,75,53,22,55",270,140,42,0.5,0.3,MEDIUM,3.929490566253662
925,939,"6,84",270,140,42,0.5,0.3,LOW,3.944450616836548
925,939,"2,84,48",270,130,39,0.5,0.3,HIGH,4.113997220993042
970,970,"11,12",270,130,39,0.5,0.3,MEDIUM,4.178823709487915
970,970,4,270,130,39,0.5,0.3,LOW,4.577757120132446
887,943,"39,75,77,22,90,96",270,120,36,0.5,0.3,LOW,4.345378875732422
970,970,"2,13",270,120,36,0.5,0.3,HIGH,5.288855314254761
925,939,"2,35,13,52",270,120,36,0.5,0.3,MEDIUM,5.167181015014648
970,970,"75,13,53,92",270,110,33,0.5,0.3,HIGH,4.403224229812622
887,943,"35,13,53,90,59,92",270,110,33,0.5,0.3,MEDIUM,4.460072040557861
925,939,"2,39,53,22,92",270,110,33,0.5,0.3,LOW,5.157207489013672
925,939,"35,28,32",270,100,30,0.5,0.3,HIGH,5.1382575035095215
970,970,"52,4,13",270,100,30,0.5,0.3,MEDIUM,4.680482387542725
970,970,"99,92",270,100,30,0.5,0.3,LOW,4.741319417953491
970,970,"19,75,92,77",270,90,27,0.5,0.3,HIGH,4.771239519119263
970,970,"2,28,46",270,90,27,0.5,0.3,MEDIUM,4.712396860122681
887,943,"34,35,36",270,90,27,0.5,0.3,LOW,4.736333608627319
970,970,"1,32",270,80,24,0.5,0.3,HIGH,4.865986347198486
970,970,"34,53,2",270,80,24,0.5,0.3,MEDIUM,5.139306545257568
970,970,"75,13,45",270,80,24,0.5,0.3,LOW,5.422548770904541
970,970,"2,68,52",270,70,21,0.5,0.3,HIGH,5.4444897174835205
970,970,"2,4,77,22",270,70,21,0.5,0.3,MEDIUM,5.457455158233643
970,970,"2,68,22",270,70,21,0.5,0.3,LOW,5.430527210235596
970,970,"75,77,54",270,60,18,0.5,0.3,HIGH,5.516297817230225
970,970,"19,13,77",270,60,18,0.5,0.3,MEDIUM,5.521407604217529
925,939,"13,39,31",270,60,18,0.5,0.3,LOW,5.685917377471924
925,939,"2,39,77,46,82",270,50,15,0.5,0.3,HIGH,5.746754884719849
970,970,"34,53,75,77",270,50,15,0.5,0.3,MEDIUM,5.639039039611816
970,970,"12,85",270,40,12,0.5,0.3,HIGH,5.646023511886597
925,939,"90,92,68,77",270,50,15,0.5,0.3,LOW,5.830530166625977
970,970,4,270,40,12,0.5,0.3,MEDIUM,6.041965007781982
887,943,"75,46,52,53,59,96",270,40,12,0.5,0.3,LOW,5.769569635391235
925,939,"39,75,76,77,53",270,30,9,0.5,0.3,HIGH,6.291174411773682
925,939,"74,2,39",270,30,9,0.5,0.3,LOW,5.829487085342407
887,943,"39,72,75,22,55",270,20,6,0.5,0.3,HIGH,5.832478761672974
970,970,"1,45",270,30,9,0.5,0.3,MEDIUM,6.333245754241943
925,939,"74,2,84",270,20,6,0.5,0.3,MEDIUM,6.429986953735352
887,943,"65,12,13,84,90",270,20,6,0.5,0.3,LOW,6.390094041824341
970,970,"11,13,75",270,10,3,0.5,0.3,HIGH,5.946281433105469
970,970,"2,76,53,77",270,10,3,0.5,0.3,MEDIUM,5.850538015365601
970,970,"75,77,52,53,55",260,150,45,0.5,0.3,HIGH,4.635709047317505
925,939,"90,75,85,61",260,150,45,0.5,0.3,MEDIUM,4.499964714050293
970,970,"3,92,53",260,150,45,0.5,0.3,LOW,4.428155899047852
970,970,"11,63",270,10,3,0.5,0.3,LOW,5.794609308242798
970,970,"45,53,48",260,140,42,0.5,0.3,HIGH,4.470045328140259
970,970,"77,6",260,140,42,0.5,0.3,MEDIUM,4.514925241470337
970,970,"82,75,60",260,140,42,0.5,0.3,LOW,4.797260046005249
925,939,"90,53,54",260,130,39,0.5,0.3,HIGH,4.616657733917236
887,943,"58,59,68,75",260,130,39,0.5,0.3,MEDIUM,4.858609676361084
970,970,4,260,130,39,0.5,0.3,LOW,4.648770570755005
970,970,"19,53,13",260,120,36,0.5,0.3,HIGH,4.898961544036865
970,970,"75,53,83",260,120,36,0.5,0.3,MEDIUM,4.912774562835693
970,970,"46,85",260,120,36,0.5,0.3,LOW,4.555373430252075
925,939,"4,77,82,84",260,110,33,0.5,0.3,HIGH,4.869256019592285
887,943,"39,75,22,27,32",260,110,33,0.5,0.3,MEDIUM,4.708825349807739
925,939,"90,22,12,46",260,110,33,0.5,0.3,LOW,4.933625221252441
970,970,"99,77,75",260,100,30,0.5,0.3,HIGH,4.825315713882446
970,970,"13,77,92,63",260,100,30,0.5,0.3,MEDIUM,4.8857080936431885
925,939,"2,35,12,13",260,100,30,0.5,0.3,LOW,5.049860954284668
925,939,"39,75,12,77,92",260,90,27,0.5,0.3,HIGH,5.055203437805176
970,970,"2,75,13,32",260,90,27,0.5,0.3,MEDIUM,4.808224201202393
970,970,"75,12,48",260,90,27,0.5,0.3,LOW,4.901918888092041
970,970,"12,75,4",260,80,24,0.5,0.3,HIGH,5.026660680770874
925,939,"22,90,75,76",260,80,24,0.5,0.3,MEDIUM,4.861103057861328
970,970,"53,95",260,80,24,0.5,0.3,LOW,5.139096260070801
970,970,"82,4,52",260,70,21,0.5,0.3,MEDIUM,4.7906494140625
970,970,"2,4,46",260,70,21,0.5,0.3,HIGH,4.92828106880188
887,943,"55,78,46,39",260,70,21,0.5,0.3,LOW,4.685105800628662
970,970,"2,77,53,60",260,60,18,0.5,0.3,HIGH,5.101188898086548
970,970,"46,92,61",260,60,18,0.5,0.3,LOW,5.1581268310546875
970,970,"92,28,46",260,60,18,0.5,0.3,MEDIUM,5.1830596923828125
925,939,"99,53,39",260,50,15,0.5,0.3,HIGH,5.064356088638306
887,943,"77,48,84,53,87",260,50,15,0.5,0.3,MEDIUM,4.622473955154419
887,943,"35,13,52,22,27",260,50,15,0.5,0.3,LOW,4.651396751403809
925,939,"2,11,35,75",260,40,12,0.5,0.3,HIGH,4.467542409896851
970,970,"2,4,13",260,40,12,0.5,0.3,MEDIUM,4.478403568267822
970,970,"52,22,55,92",260,30,9,0.5,0.3,HIGH,4.416403770446777
925,939,"35,75,45,77,52,53",260,40,12,0.5,0.3,LOW,4.471257209777832
970,970,"75,61,55",260,30,9,0.5,0.3,MEDIUM,4.354518890380859
970,970,"60,12",260,30,9,0.5,0.3,LOW,4.389425277709961
887,943,"2,35,36,13,92",260,20,6,0.5,0.3,HIGH,4.472235679626465
970,970,"60,92,53,77",260,20,6,0.5,0.3,MEDIUM,4.3667309284210205
887,943,"81,2,4",260,20,6,0.5,0.3,LOW,4.09337592124939
970,970,"82,2,77,55",260,10,3,0.5,0.3,HIGH,4.016581773757935
925,939,"94,39",250,150,45,0.5,0.3,HIGH,3.055075168609619
970,970,"75,53,46",260,10,3,0.5,0.3,MEDIUM,4.016581296920776
970,970,"83,77",250,150,45,0.5,0.3,MEDIUM,3.2904722690582275
887,943,"2,39,77,45,84,58",260,10,3,0.5,0.3,LOW,3.9467480182647705
925,939,"82,84,53,52",250,150,45,0.5,0.3,LOW,3.207289934158325
970,970,"2,19,22",250,140,42,0.5,0.3,HIGH,3.1414661407470703
925,939,"2,75,84,53,28",250,140,42,0.5,0.3,MEDIUM,3.185401678085327
970,970,"28,53,63",250,130,39,0.5,0.3,HIGH,3.2422492504119873
925,939,"2,13,77,82,84",250,140,42,0.5,0.3,LOW,3.2901217937469482
970,970,"75,46,53,22,85",250,130,39,0.5,0.3,MEDIUM,3.3379311561584473
970,970,"2,54",250,130,39,0.5,0.3,LOW,3.3778271675109863
970,970,"75,12,13,22",250,120,36,0.5,0.3,HIGH,3.207474946975708
970,970,"2,52,22,63",250,120,36,0.5,0.3,MEDIUM,3.045907497406006
970,970,"2,75,13,32",250,120,36,0.5,0.3,LOW,3.21744441986084
970,970,"4,61",250,110,33,0.5,0.3,HIGH,3.1885221004486084
970,970,"82,52,61",250,110,33,0.5,0.3,MEDIUM,3.263320207595825
925,939,"77,82,85,90,92",250,110,33,0.5,0.3,LOW,3.1596460342407227
970,970,"34,2,75",250,100,30,0.5,0.3,HIGH,3.481785297393799
970,970,"74,75,22",250,100,30,0.5,0.3,MEDIUM,3.381275177001953
970,970,"82,3",250,100,30,0.5,0.3,LOW,3.3563406467437744
887,943,"35,4,50,90,92",250,90,27,0.5,0.3,MEDIUM,3.211679458618164
925,939,"82,35,4,77",250,90,27,0.5,0.3,HIGH,3.6106116771698
970,970,"2,13,61",250,90,27,0.5,0.3,LOW,3.604628562927246
970,970,"92,12,13,77",250,80,24,0.5,0.3,HIGH,3.558703660964966
925,939,"60,13,39",250,80,24,0.5,0.3,MEDIUM,3.530778646469116
970,970,"75,46,52,53,85",250,80,24,0.5,0.3,LOW,3.346207618713379
925,939,"45,39,61",250,70,21,0.5,0.3,HIGH,3.567776679992676
925,939,"2,39,53,22,32",250,70,21,0.5,0.3,MEDIUM,3.699507236480713
887,943,"4,75,84,90,59",250,70,21,0.5,0.3,LOW,3.692525625228882
970,970,"1,12",250,60,18,0.5,0.3,HIGH,3.7305748462677
887,943,"65,35,75,13,82",250,60,18,0.5,0.3,MEDIUM,3.785428047180176
887,943,"52,59,61,96",250,60,18,0.5,0.3,LOW,3.9071028232574463
970,970,"3,46",250,50,15,0.5,0.3,HIGH,4.255242586135864
925,939,"2,39,75,19",250,50,15,0.5,0.3,MEDIUM,4.110554456710815
970,970,"3,13",250,50,15,0.5,0.3,LOW,4.360117435455322
970,970,"2,44",250,40,12,0.5,0.3,HIGH,4.504706621170044
925,939,"1,75,84",250,40,12,0.5,0.3,MEDIUM,4.545445680618286
887,943,"2,39,12,50,53,90",250,40,12,0.5,0.3,LOW,4.450699329376221
970,970,"2,12,32",250,30,9,0.5,0.3,HIGH,4.39385199546814
925,939,"76,84,85",250,30,9,0.5,0.3,MEDIUM,4.4354143142700195
925,939,"52,84,44,77",250,30,9,0.5,0.3,LOW,4.640746355056763
970,970,"12,31",250,20,6,0.5,0.3,HIGH,4.645691156387329
970,970,"11,45",250,20,6,0.5,0.3,MEDIUM,4.624868154525757
887,943,"65,74,96",250,20,6,0.5,0.3,LOW,4.591019868850708
925,939,"77,84,54",250,10,3,0.5,0.3,HIGH,4.894208908081055
970,970,"4,85,22",250,10,3,0.5,0.3,MEDIUM,4.798580169677734
970,970,"2,75,53,22,32",240,150,45,0.5,0.3,HIGH,3.607961416244507
970,970,"2,13,22",250,10,3,0.5,0.3,LOW,4.672084093093872
970,970,"74,92,77",240,150,45,0.5,0.3,MEDIUM,3.6068222522735596
970,970,"2,92,12",240,150,45,0.5,0.3,LOW,3.581416368484497
970,970,"82,3",240,140,42,0.5,0.3,HIGH,3.5923264026641846
970,970,"77,63",240,140,42,0.5,0.3,MEDIUM,3.6163170337677
970,970,"82,76,77",240,140,42,0.5,0.3,LOW,3.7189242839813232
970,970,4,240,130,39,0.5,0.3,HIGH,3.7070562839508057
970,970,"1,2",240,130,39,0.5,0.3,MEDIUM,3.684117555618286
970,970,4,240,130,39,0.5,0.3,LOW,3.6351191997528076
970,970,"75,85,32",240,120,36,0.5,0.3,HIGH,3.569671869277954
970,970,"2,54",240,120,36,0.5,0.3,MEDIUM,3.570669412612915
970,970,"12,13",240,120,36,0.5,0.3,LOW,3.4888346195220947
925,939,"84,60,75,92",240,110,33,0.5,0.3,HIGH,3.454055070877075
970,970,"75,77,32,85",240,110,33,0.5,0.3,MEDIUM,3.3162572383880615
970,970,"22,12,45",240,110,33,0.5,0.3,LOW,3.615457057952881
970,970,"68,52,77",240,100,30,0.5,0.3,HIGH,4.07243013381958
970,970,"2,13,85,22",240,100,30,0.5,0.3,MEDIUM,3.9308090209960938
925,939,"2,35,12,85",240,100,30,0.5,0.3,LOW,4.022350549697876
887,943,"55,82,90,87",240,90,27,0.5,0.3,HIGH,4.0034403800964355
970,970,"4,77,32",240,90,27,0.5,0.3,MEDIUM,3.8916609287261963
925,939,"74,35,92",240,90,27,0.5,0.3,LOW,3.809879779815674
970,970,"2,54",240,80,24,0.5,0.3,HIGH,3.7831668853759766
925,939,"1,2,39,77",240,80,24,0.5,0.3,MEDIUM,3.3620986938476562
925,939,"35,13,45,52",240,80,24,0.5,0.3,LOW,3.329251289367676
970,970,"52,13",240,70,21,0.5,0.3,HIGH,3.3374428749084473
970,970,"2,12,22",240,70,21,0.5,0.3,MEDIUM,3.416266679763794
970,970,"75,12,53,32",240,70,21,0.5,0.3,LOW,3.336432456970215
970,970,"2,19",240,60,18,0.5,0.3,HIGH,3.1479358673095703
970,970,"34,13",240,60,18,0.5,0.3,MEDIUM,3.357161045074463
925,939,"39,75,77,45,82",240,60,18,0.5,0.3,LOW,3.564767837524414
970,970,28,240,50,15,0.5,0.3,HIGH,3.6584503650665283
970,970,"2,54",240,50,15,0.5,0.3,MEDIUM,3.630586624145508
887,943,"82,50,52,22,59",240,50,15,0.5,0.3,LOW,3.6218175888061523
970,970,"2,22,31",240,40,12,0.5,0.3,HIGH,3.6199238300323486
925,939,"39,74,22",240,40,12,0.5,0.3,MEDIUM,3.6468522548675537
970,970,"63,85,13",240,40,12,0.5,0.3,LOW,3.686530828475952
970,970,"77,53,61,85",240,30,9,0.5,0.3,HIGH,3.676443338394165
970,970,"75,77,52,53,61",240,30,9,0.5,0.3,MEDIUM,3.518864393234253
925,939,"34,35,92",240,30,9,0.5,0.3,LOW,3.5207979679107666
970,970,"2,54",240,20,6,0.5,0.3,HIGH,3.6970465183258057
887,943,"12,50,84,53,22,90",240,20,6,0.5,0.3,MEDIUM,3.663128137588501
887,943,"90,77,52,87,32",240,20,6,0.5,0.3,LOW,3.5683810710906982
970,970,"92,54",240,10,3,0.5,0.3,HIGH,3.5656521320343018
970,970,"2,75,79",230,150,45,0.5,0.3,HIGH,2.6839630603790283
925,939,"12,13,22,90",240,10,3,0.5,0.3,MEDIUM,3.6045451164245605
970,970,"2,3,75",240,10,3,0.5,0.3,LOW,3.5865933895111084
925,939,"76,84,53,92",230,150,45,0.5,0.3,MEDIUM,2.783787488937378
970,970,"77,63,48",230,150,45,0.5,0.3,LOW,2.8606228828430176
970,970,"22,92,60",230,140,42,0.5,0.3,HIGH,2.894533634185791
970,970,24,230,140,42,0.5,0.3,MEDIUM,2.9826202392578125
970,970,"1,12",230,140,42,0.5,0.3,LOW,2.7432618141174316
970,970,"2,61,77",230,130,39,0.5,0.3,HIGH,2.97370982170105
970,970,"92,54",230,130,39,0.5,0.3,MEDIUM,2.9647367000579834
970,970,"2,19,22",230,130,39,0.5,0.3,LOW,2.7941415309906006
970,970,"4,53,55",230,120,36,0.5,0.3,HIGH,3.0154173374176025
970,970,"3,53,22",230,120,36,0.5,0.3,MEDIUM,3.1540462970733643
970,970,"45,22,32",230,110,33,0.5,0.3,HIGH,3.2674617767333984
970,970,"2,92,12,22",230,120,36,0.5,0.3,LOW,3.4988436698913574
970,970,"2,68,52",230,110,33,0.5,0.3,LOW,3.350172281265259
970,970,"44,32",230,100,30,0.5,0.3,HIGH,3.4598801136016846
970,970,"1,2,22",230,110,33,0.5,0.3,MEDIUM,3.682283878326416
970,970,"11,77,13",230,100,30,0.5,0.3,MEDIUM,3.667325496673584
970,970,"2,4,13",230,100,30,0.5,0.3,LOW,3.588536262512207
970,970,"34,52,77",230,90,27,0.5,0.3,HIGH,3.33424973487854
925,939,"75,46,84,53,63",230,90,27,0.5,0.3,MEDIUM,3.2195560932159424
925,939,"77,82,52,90,92",230,90,27,0.5,0.3,LOW,3.5895895957946777
970,970,"97,75",230,80,24,0.5,0.3,HIGH,3.6853325366973877
925,939,"2,35,34",230,80,24,0.5,0.3,MEDIUM,3.5556795597076416
925,939,"35,75,12,77,82",230,80,24,0.5,0.3,LOW,3.6655240058898926
925,939,"2,39,22,28",230,70,21,0.5,0.3,HIGH,3.7575085163116455
925,939,"13,77,84,53,63",230,70,21,0.5,0.3,MEDIUM,3.6682627201080322
970,970,"3,13",230,70,21,0.5,0.3,LOW,3.7322330474853516
925,939,"52,84,92,85",230,60,18,0.5,0.3,HIGH,3.4356870651245117
887,943,"35,12,85,90,96",230,60,18,0.5,0.3,LOW,3.5314319133758545
970,970,"76,53,22,77",230,60,18,0.5,0.3,MEDIUM,3.535421371459961
925,939,"35,12,13,22",230,50,15,0.5,0.3,HIGH,3.404632091522217
970,970,"2,21",230,50,15,0.5,0.3,MEDIUM,3.499149799346924
970,970,"1,2,75,53",230,50,15,0.5,0.3,LOW,3.376781940460205
887,943,"35,4,39,52,59",230,40,12,0.5,0.3,HIGH,3.7529032230377197
970,970,"13,55",230,40,12,0.5,0.3,MEDIUM,3.7950656414031982
970,970,"13,22",230,40,12,0.5,0.3,LOW,3.840294361114502
970,970,"3,53,75,77",230,30,9,0.5,0.3,HIGH,3.884178638458252
887,943,"75,52,92,62",230,30,9,0.5,0.3,MEDIUM,3.918252944946289
970,970,"4,75,45",230,30,9,0.5,0.3,LOW,3.751697301864624
925,939,"92,35,12,46",230,20,6,0.5,0.3,HIGH,3.713900566101074
970,970,"2,77,46,63",230,20,6,0.5,0.3,MEDIUM,3.6965231895446777
970,970,"77,48,52,22",230,20,6,0.5,0.3,LOW,3.7535459995269775
970,970,"12,22",230,10,3,0.5,0.3,HIGH,3.8499863147735596
970,970,"92,2,75,28",230,10,3,0.5,0.3,MEDIUM,3.934760570526123
970,970,4,220,150,45,0.5,0.3,HIGH,2.989166736602783
970,970,"13,77,92,32",230,10,3,0.5,0.3,LOW,3.9057161808013916
970,970,"99,77,53",220,150,45,0.5,0.3,MEDIUM,2.964184522628784
970,970,"97,77",220,150,45,0.5,0.3,LOW,2.985283374786377
925,939,"2,35,48,22",220,140,42,0.5,0.3,HIGH,2.967158079147339
970,970,"2,13",220,140,42,0.5,0.3,MEDIUM,2.9323253631591797
970,970,"13,79",220,140,42,0.5,0.3,LOW,2.9423608779907227
970,970,"3,77,22",220,130,39,0.5,0.3,HIGH,2.9460160732269287
970,970,"45,77,53,22,92",220,130,39,0.5,0.3,MEDIUM,2.926069498062134
887,943,"65,3,96",220,130,39,0.5,0.3,LOW,2.8881709575653076
970,970,"2,99",220,120,36,0.5,0.3,HIGH,2.931056261062622
970,970,"82,13,46,77",220,120,36,0.5,0.3,MEDIUM,2.76849102973938
887,943,"2,39,13,22,27",220,120,36,0.5,0.3,LOW,2.7153658866882324
970,970,"44,12",220,110,33,0.5,0.3,HIGH,2.691876173019409
970,970,"13,22,48",220,110,33,0.5,0.3,MEDIUM,2.714550018310547
925,939,"90,75,54",220,110,33,0.5,0.3,LOW,2.789348840713501
970,970,"13,32",220,100,30,0.5,0.3,HIGH,2.7195353507995605
970,970,"2,21",220,100,30,0.5,0.3,MEDIUM,2.469205141067505
970,970,"53,79",220,100,30,0.5,0.3,LOW,2.6996712684631348
970,970,"1,2",220,90,27,0.5,0.3,HIGH,2.4993491172790527
925,939,"90,75,77,52,85",220,90,27,0.5,0.3,MEDIUM,2.5357425212860107
970,970,"2,45,63",220,90,27,0.5,0.3,LOW,2.5503175258636475
887,943,"4,39,50,90,92",220,80,24,0.5,0.3,MEDIUM,2.275054693222046
970,970,4,220,80,24,0.5,0.3,HIGH,2.575251817703247
970,970,"1,12",220,80,24,0.5,0.3,LOW,2.3179399967193604
970,970,"75,28,45",220,70,21,0.5,0.3,MEDIUM,2.302724599838257
925,939,"90,92,79",220,70,21,0.5,0.3,HIGH,2.5909526348114014
925,939,"4,75,77,90",220,70,21,0.5,0.3,LOW,2.459306240081787
925,939,"84,92,28",220,60,18,0.5,0.3,HIGH,2.3156328201293945
925,939,"4,90,92,2",220,60,18,0.5,0.3,MEDIUM,2.599872350692749
925,939,"35,75,76,53",220,60,18,0.5,0.3,LOW,2.627798318862915
970,970,"92,85,61",220,50,15,0.5,0.3,HIGH,2.8073174953460693
925,939,"74,92,39",220,50,15,0.5,0.3,MEDIUM,2.6060311794281006
970,970,"12,31",220,50,15,0.5,0.3,LOW,2.496323585510254
970,970,"2,12,32",220,40,12,0.5,0.3,HIGH,2.559155225753784
925,939,"2,35,45,77",220,40,12,0.5,0.3,MEDIUM,2.765604019165039
970,970,"4,13,22",220,40,12,0.5,0.3,LOW,2.712745189666748
925,939,"63,28,39",220,30,9,0.5,0.3,HIGH,2.409555673599243
887,943,"35,39,46,82,53,96",220,30,9,0.5,0.3,MEDIUM,2.580105781555176
970,970,"61,48",220,20,6,0.5,0.3,HIGH,2.6090946197509766
925,939,"3,22,90",220,30,9,0.5,0.3,LOW,2.711819887161255
970,970,"2,60,22",220,20,6,0.5,0.3,MEDIUM,2.738748788833618
925,939,"61,39,32",220,20,6,0.5,0.3,LOW,2.697856903076172
887,943,"2,35,75,82,53,90,96",220,10,3,0.5,0.3,MEDIUM,2.6290416717529297
970,970,"13,22",220,10,3,0.5,0.3,HIGH,2.802576780319214
970,970,"2,99",220,10,3,0.5,0.3,LOW,2.8484551906585693
970,970,"99,77,53",210,150,45,0.5,0.3,HIGH,2.1392784118652344
970,970,"92,46",210,150,45,0.5,0.3,LOW,1.8051719665527344
970,970,"34,75,53",210,150,45,0.5,0.3,MEDIUM,2.136286735534668
970,970,"1,2,22",210,140,42,0.5,0.3,HIGH,2.2341456413269043
887,943,"77,45,22,8",210,140,42,0.5,0.3,LOW,2.0766026973724365
887,943,"36,39,77,52,32",210,140,42,0.5,0.3,MEDIUM,2.2720794677734375
887,943,"2,71,13",210,130,39,0.5,0.3,HIGH,2.0656306743621826
970,970,"2,28,13",210,130,39,0.5,0.3,MEDIUM,2.299006223678589
925,939,"39,75,52,22,32",210,120,36,0.5,0.3,HIGH,2.2381699085235596
970,970,"82,2,13",210,130,39,0.5,0.3,LOW,2.2830495834350586
970,970,"2,75,22",210,120,36,0.5,0.3,MEDIUM,2.1891791820526123
970,970,"2,75,13,82,53",210,120,36,0.5,0.3,LOW,2.213123321533203
925,939,"2,84,79",210,110,33,0.5,0.3,HIGH,2.199159622192383
970,970,"75,13,77",210,110,33,0.5,0.3,MEDIUM,2.306872606277466
925,939,"90,92,85,63",210,100,30,0.5,0.3,HIGH,2.217111825942993
970,970,"2,63,32",210,110,33,0.5,0.3,LOW,2.348761796951294
970,970,"2,92,68",210,100,30,0.5,0.3,MEDIUM,2.474423408508301
970,970,"46,45,13",210,100,30,0.5,0.3,LOW,2.494371175765991
970,970,"1,12",210,90,27,0.5,0.3,HIGH,2.2479875087738037
970,970,"2,13,22,77",210,90,27,0.5,0.3,MEDIUM,2.4065659046173096
887,943,"68,77,58,96",210,90,27,0.5,0.3,LOW,2.4913370609283447
887,943,"90,27,60,77",210,80,24,0.5,0.3,HIGH,2.4135448932647705
970,970,61,210,80,24,0.5,0.3,MEDIUM,2.380631923675537
970,970,"75,13,22,92",210,80,24,0.5,0.3,LOW,2.385619640350342
925,939,"11,46,39",210,70,21,0.5,0.3,HIGH,2.4155402183532715
970,970,"1,2,22",210,70,21,0.5,0.3,MEDIUM,2.6439292430877686
887,943,"75,84,85,90,59",210,70,21,0.5,0.3,LOW,2.5072944164276123
925,939,"76,77,84,92",210,60,18,0.5,0.3,HIGH,2.7027714252471924
925,939,"2,39,75,22,32",210,60,18,0.5,0.3,MEDIUM,2.72571063041687
970,970,"45,22,32",210,60,18,0.5,0.3,LOW,2.686814546585083
970,970,"2,75,44,77",210,50,15,0.5,0.3,HIGH,2.7416675090789795
925,939,"1,90,46",210,50,15,0.5,0.3,MEDIUM,2.9042327404022217
925,939,"2,4,39",210,40,12,0.5,0.3,HIGH,2.875309944152832
970,970,"1,12",210,50,15,0.5,0.3,LOW,2.916200637817383
925,939,"35,75,13,77,32",210,40,12,0.5,0.3,MEDIUM,2.975043535232544
925,939,"75,76,22,90",210,40,12,0.5,0.3,LOW,3.0029685497283936
925,939,"84,55,75,77,46",210,30,9,0.5,0.3,HIGH,3.0498435497283936
970,970,"77,22,79",210,30,9,0.5,0.3,MEDIUM,2.936147451400757
970,970,"34,13",210,30,9,0.5,0.3,LOW,3.0059611797332764
925,939,"35,77,31",210,20,6,0.5,0.3,MEDIUM,2.9580881595611572
970,970,"19,12",210,20,6,0.5,0.3,HIGH,3.0648040771484375
970,970,"83,22",210,20,6,0.5,0.3,LOW,2.6818273067474365
925,939,"35,63,48",210,10,3,0.5,0.3,HIGH,2.8922641277313232
887,943,"82,35,52,72,75,77",210,10,3,0.5,0.3,MEDIUM,2.9630753993988037
887,943,"65,35,46,52,84,22",210,10,3,0.5,0.3,LOW,2.878303050994873
925,939,"2,13,39,53",200,150,45,0.5,0.3,HIGH,1.9747178554534912
970,970,4,200,150,45,0.5,0.3,LOW,1.8291075229644775
970,970,"68,12",200,150,45,0.5,0.3,MEDIUM,2.0674705505371094
887,943,"46,84,90,63,58",200,140,42,0.5,0.3,HIGH,1.9627513885498047
970,970,"2,85",200,140,42,0.5,0.3,MEDIUM,2.1382827758789062
970,970,"2,4,46",200,130,39,0.5,0.3,MEDIUM,2.0345585346221924
925,939,"4,75,85,35",200,140,42,0.5,0.3,LOW,2.084425210952759
970,970,"4,61",200,130,39,0.5,0.3,HIGH,2.3088247776031494
970,970,"2,12,55",200,130,39,0.5,0.3,LOW,2.1253154277801514
970,970,"2,12,77,85",200,120,36,0.5,0.3,HIGH,2.091407537460327
970,970,"3,13",200,120,36,0.5,0.3,MEDIUM,2.0674705505371094
887,943,"22,39,58,12",200,110,33,0.5,0.3,MEDIUM,2.082430124282837
970,970,4,200,120,36,0.5,0.3,LOW,2.190141439437866
970,970,"2,4,13",200,110,33,0.5,0.3,HIGH,2.2021114826202393
925,939,"22,45,46,39",200,110,33,0.5,0.3,LOW,2.095395088195801
970,970,"46,85,63",200,100,30,0.5,0.3,HIGH,2.1253154277801514
970,970,"19,32",200,100,30,0.5,0.3,MEDIUM,2.2569634914398193
925,939,"84,68,13",200,100,30,0.5,0.3,LOW,2.3197948932647705
925,939,"2,19,53,39",200,90,27,0.5,0.3,MEDIUM,2.063481092453003
970,970,"2,99",200,90,27,0.5,0.3,LOW,2.1821632385253906
887,943,"19,27,53,39",200,90,27,0.5,0.3,HIGH,2.368666172027588
970,970,"3,75,92",200,80,24,0.5,0.3,HIGH,2.3955934047698975
970,970,"75,95",200,80,24,0.5,0.3,MEDIUM,2.373652935028076
970,970,"52,53,22,28",200,80,24,0.5,0.3,LOW,2.154237985610962
887,943,"39,90,79,96",200,70,21,0.5,0.3,HIGH,2.220062732696533
970,970,"2,75,13,53,85",200,70,21,0.5,0.3,LOW,2.1402764320373535
887,943,"75,12,84,22,27",200,70,21,0.5,0.3,MEDIUM,2.3477225303649902
970,970,"1,22",200,60,18,0.5,0.3,HIGH,2.074450969696045
970,970,"2,11,22",200,60,18,0.5,0.3,MEDIUM,2.4644086360931396
925,939,"77,48,82,90",200,60,18,0.5,0.3,LOW,2.263944387435913
887,943,"65,2,39,48,90",200,50,15,0.5,0.3,HIGH,2.6050331592559814
887,943,"90,12,13,84,58",200,50,15,0.5,0.3,MEDIUM,2.225050210952759
925,939,"34,39,77,53",200,40,12,0.5,0.3,HIGH,2.313811779022217
925,939,"2,84,76,53",200,40,12,0.5,0.3,MEDIUM,2.291872024536133
970,970,"82,79",200,50,15,0.5,0.3,LOW,2.4484522342681885
970,970,"4,53,85",200,40,12,0.5,0.3,LOW,2.4135451316833496
970,970,"34,75,92",200,30,9,0.5,0.3,HIGH,2.462414026260376
970,970,"4,75,82,53",200,30,9,0.5,0.3,MEDIUM,2.6060304641723633
925,939,"2,13,22,39",200,30,9,0.5,0.3,LOW,2.493330478668213
970,970,"11,92,22",200,20,6,0.5,0.3,MEDIUM,2.33774733543396
925,939,"90,92,45,77",200,20,6,0.5,0.3,HIGH,2.433492422103882
970,970,4,200,20,6,0.5,0.3,LOW,2.3537046909332275
970,970,"1,2",200,10,3,0.5,0.3,HIGH,2.7277047634124756
880,908,"77,50,82,52,92",200,10,3,0.5,0.3,MEDIUM,2.575113534927368
970,970,"19,13,75",190,150,45,0.5,0.3,HIGH,2.0016467571258545
970,970,"52,12,45",200,10,3,0.5,0.3,LOW,2.367668867111206
925,939,"3,92,39",190,150,45,0.5,0.3,LOW,1.4670753479003906
887,943,"36,75,77,84,53,55",190,150,45,0.5,0.3,MEDIUM,1.7852256298065186
925,939,"90,2,75,53",190,140,42,0.5,0.3,HIGH,1.8330974578857422
970,970,"92,46",190,140,42,0.5,0.3,LOW,1.5269157886505127
887,943,"46,84,90,63,96",190,140,42,0.5,0.3,MEDIUM,1.86301851272583
925,939,"77,13,39,48",190,130,39,0.5,0.3,HIGH,1.9278450012207031
925,939,"76,53,22,90",190,130,39,0.5,0.3,LOW,1.795198678970337
925,939,"22,55,90",190,130,39,0.5,0.3,MEDIUM,1.897923231124878
970,970,"75,77,92,31",190,120,36,0.5,0.3,HIGH,1.650585651397705
925,939,"75,77,82,84,92",190,120,36,0.5,0.3,MEDIUM,1.9218604564666748
970,970,"13,79",190,120,36,0.5,0.3,LOW,1.803177833557129
970,970,"82,77,53",190,110,33,0.5,0.3,HIGH,1.8749849796295166
925,939,"35,75,22,31",190,110,33,0.5,0.3,MEDIUM,1.8939344882965088
887,943,"65,74,14",190,100,30,0.5,0.3,HIGH,1.7523136138916016
970,970,"1,2,75,53",190,100,30,0.5,0.3,MEDIUM,1.8819677829742432
970,970,"2,28,46",190,110,33,0.5,0.3,LOW,2.010622024536133
970,970,"4,77,55",190,100,30,0.5,0.3,LOW,2.0854227542877197
887,943,"35,36,75,31",190,90,27,0.5,0.3,HIGH,1.9238555431365967
970,970,"76,22",190,90,27,0.5,0.3,MEDIUM,1.9876840114593506
970,970,"73,92,77",190,90,27,0.5,0.3,LOW,1.7602927684783936
970,970,"73,92,75",190,80,24,0.5,0.3,HIGH,1.8969268798828125
970,970,"1,77,46",190,80,24,0.5,0.3,LOW,1.9258496761322021
925,939,"99,75,39",190,80,24,0.5,0.3,MEDIUM,2.0186009407043457
925,939,"75,77,53,22,90,32",190,70,21,0.5,0.3,HIGH,2.124319076538086
970,970,"92,54",190,70,21,0.5,0.3,MEDIUM,2.0016462802886963
970,970,"53,22,92,28",190,70,21,0.5,0.3,LOW,1.9527790546417236
970,970,"92,21",190,60,18,0.5,0.3,HIGH,2.054504632949829
925,939,"13,77,82,90,92",190,60,18,0.5,0.3,MEDIUM,1.9657423496246338
970,970,"1,2,22",190,60,18,0.5,0.3,LOW,2.059492588043213
970,970,"1,12",190,50,15,0.5,0.3,HIGH,2.0465269088745117
887,943,"4,39,92",190,50,15,0.5,0.3,MEDIUM,2.192136526107788
970,970,"2,76,22",190,50,15,0.5,0.3,LOW,2.091407060623169
970,970,"2,92,85,46",190,40,12,0.5,0.3,HIGH,1.9876823425292969
925,939,"60,53,22,39",190,40,12,0.5,0.3,LOW,2.063481330871582
970,970,"13,46,45",190,40,12,0.5,0.3,MEDIUM,2.2240524291992188
970,970,"53,6",190,30,9,0.5,0.3,HIGH,2.144265651702881
925,939,"82,35,68",190,30,9,0.5,0.3,MEDIUM,2.1153409481048584
970,970,"2,75,44,77",190,30,9,0.5,0.3,LOW,1.893934726715088
970,970,"21,22",190,20,6,0.5,0.3,HIGH,2.116339683532715
925,939,"2,13,77,84,53,22",190,20,6,0.5,0.3,MEDIUM,2.0355560779571533
887,943,"58,52,85,22,59",190,20,6,0.5,0.3,LOW,2.006634473800659
925,939,"1,53,90,92",190,10,3,0.5,0.3,HIGH,1.9906768798828125
970,970,"2,4,13",190,10,3,0.5,0.3,LOW,2.036553144454956
925,939,"75,13,85,90,92",190,10,3,0.5,0.3,MEDIUM,2.152243137359619
849,947,"52,90,13,62",180,150,45,0.5,0.3,HIGH,1.4860265254974365
970,970,"3,13",180,150,45,0.5,0.3,MEDIUM,1.3454012870788574
970,970,"97,53",180,150,45,0.5,0.3,LOW,1.4311718940734863
880,908,"82,92,96",180,140,42,0.5,0.3,HIGH,1.4371559619903564
925,939,"35,44,77,92",180,140,42,0.5,0.3,MEDIUM,1.4192030429840088
887,943,"84,22,87,28",180,140,42,0.5,0.3,LOW,1.4052424430847168
970,970,"12,13,46",180,130,39,0.5,0.3,HIGH,1.4032471179962158
925,939,"35,95",180,130,39,0.5,0.3,MEDIUM,1.570265769958496
970,970,"2,83",180,130,39,0.5,0.3,LOW,1.5203602313995361
970,970,"4,52,53,22",180,120,36,0.5,0.3,HIGH,1.6929326057434082
887,943,"65,2,39,77,82,53,90",180,120,36,0.5,0.3,MEDIUM,1.6141419410705566
887,943,"90,39,75,77,96",180,120,36,0.5,0.3,LOW,1.609156847000122
970,970,"4,13,22",180,110,33,0.5,0.3,HIGH,1.6640079021453857
970,970,"76,13,77",180,110,33,0.5,0.3,MEDIUM,1.6879444122314453
887,943,"90,34,84,14",180,110,33,0.5,0.3,LOW,1.5737836360931396
970,970,"2,75,68,77",180,100,30,0.5,0.3,HIGH,1.6017491817474365
887,943,"2,82,87,90",180,100,30,0.5,0.3,MEDIUM,1.6994547843933105
970,970,"11,12",180,100,30,0.5,0.3,LOW,1.6485252380371094
925,939,"90,74,92",180,90,27,0.5,0.3,HIGH,1.660588264465332
925,939,"90,99,77",180,90,27,0.5,0.3,MEDIUM,1.6376512050628662
970,970,"3,13",180,90,27,0.5,0.3,LOW,1.6595335006713867
970,970,28,180,80,24,0.5,0.3,HIGH,1.7642865180969238
970,970,"75,77,83",180,80,24,0.5,0.3,MEDIUM,1.8121590614318848
887,943,"82,87,32",180,80,24,0.5,0.3,LOW,1.818657636642456
887,943,"39,75,84,55,92,96",180,70,21,0.5,0.3,HIGH,1.8447728157043457
887,943,"90,78,79",180,70,21,0.5,0.3,MEDIUM,1.86561918258667
970,970,4,180,70,21,0.5,0.3,LOW,1.8961544036865234
970,970,"82,79",180,60,18,0.5,0.3,HIGH,1.8803021907806396
970,970,"2,12,32",180,60,18,0.5,0.3,MEDIUM,1.9101893901824951
887,943,"84,36,46,32",180,60,18,0.5,0.3,LOW,1.925537109375
887,943,"35,39,48,50,22",180,50,15,0.5,0.3,HIGH,1.9381091594696045
970,970,"82,79",180,50,15,0.5,0.3,MEDIUM,1.89011812210083
970,970,28,180,50,15,0.5,0.3,LOW,1.9186196327209473
887,943,"75,45,22,8",180,40,12,0.5,0.3,HIGH,1.9509639739990234
970,970,"73,2,75",180,40,12,0.5,0.3,MEDIUM,1.8791091442108154
970,970,"75,76,13",180,40,12,0.5,0.3,LOW,1.8824210166931152
970,970,"2,52,76",180,30,9,0.5,0.3,HIGH,1.8132538795471191
970,970,"2,13",180,30,9,0.5,0.3,MEDIUM,1.8799521923065186
887,943,"34,35,39,59",180,30,9,0.5,0.3,LOW,1.8252651691436768
887,943,"35,77,53,27",180,20,6,0.5,0.3,HIGH,1.9174840450286865
925,939,"12,82,92,84",180,20,6,0.5,0.3,LOW,1.7827990055084229
925,939,"13,39,31",180,20,6,0.5,0.3,MEDIUM,1.8985271453857422
887,943,"84,52,27,61",180,10,3,0.5,0.3,HIGH,1.802464246749878
925,939,"1,82,84",180,10,3,0.5,0.3,MEDIUM,1.803434133529663
887,943,"2,71,22,82",170,150,45,0.5,0.3,HIGH,1.1551141738891602
970,970,"61,48",170,150,45,0.5,0.3,MEDIUM,1.2448313236236572
925,939,"2,39,34",180,10,3,0.5,0.3,LOW,1.7884042263031006
887,943,"2,35,77,14,90,32",170,150,45,0.5,0.3,LOW,1.316498041152954
970,970,"12,45,22",170,140,42,0.5,0.3,HIGH,1.3603408336639404
970,970,"75,52,53,63",170,140,42,0.5,0.3,MEDIUM,1.3463778495788574
887,943,"39,13,14,45,84",170,140,42,0.5,0.3,LOW,1.2715680599212646
887,943,"75,46,84,85,90,96",170,130,39,0.5,0.3,HIGH,1.3213233947753906
887,943,"39,52,90,59",170,130,39,0.5,0.3,MEDIUM,1.2986469268798828
970,970,"2,75,52,77",170,130,39,0.5,0.3,LOW,1.3636980056762695
925,939,"97,90",170,120,36,0.5,0.3,HIGH,1.5202388763427734
925,939,"35,75,53,60",170,120,36,0.5,0.3,MEDIUM,1.478419303894043
887,943,"53,39,75,78",170,120,36,0.5,0.3,LOW,1.4235663414001465
925,939,"39,75,77,13,52,22",170,110,33,0.5,0.3,HIGH,1.5159406661987305
970,970,"92,21",170,110,33,0.5,0.3,MEDIUM,1.524958848953247
887,943,"34,27,39",170,110,33,0.5,0.3,LOW,1.4638595581054688
970,970,"75,92,53,31",170,100,30,0.5,0.3,HIGH,1.5179800987243652
887,943,"75,82,53,58",170,100,30,0.5,0.3,MEDIUM,1.5639050006866455
925,939,"35,75,13,52,53,22",170,100,30,0.5,0.3,LOW,1.5568573474884033
887,943,"35,75,22,27,92",170,90,27,0.5,0.3,HIGH,1.5555870532989502
970,970,"2,3,77",170,90,27,0.5,0.3,MEDIUM,1.4632554054260254
970,970,"1,12",170,90,27,0.5,0.3,LOW,1.5449929237365723
970,970,"1,32",170,80,24,0.5,0.3,HIGH,1.639322280883789
925,939,"13,84,22,32",170,80,24,0.5,0.3,MEDIUM,1.548311471939087
970,970,"2,83",170,70,21,0.5,0.3,HIGH,1.5811738967895508
970,970,"2,12,13,53",170,80,24,0.5,0.3,LOW,1.635068655014038
925,939,"39,13,77,53,32",170,70,21,0.5,0.3,MEDIUM,1.6593759059906006
970,970,"11,75,46",170,70,21,0.5,0.3,LOW,1.6144509315490723
970,970,"12,75,52",170,60,18,0.5,0.3,HIGH,1.621504545211792
970,970,"68,75,77,22",170,60,18,0.5,0.3,MEDIUM,1.6029715538024902
970,970,"2,46,52,53,22",170,60,18,0.5,0.3,LOW,1.6806883811950684
887,943,"65,2,4,50",170,50,15,0.5,0.3,MEDIUM,1.7055988311767578
970,970,"1,2",170,50,15,0.5,0.3,HIGH,1.732611894607544
970,970,"2,4,53,22",170,50,15,0.5,0.3,LOW,1.7618803977966309
970,970,"2,61,22,53",170,40,12,0.5,0.3,HIGH,1.8477387428283691
925,939,"75,13,82,84,52",170,40,12,0.5,0.3,MEDIUM,1.8546504974365234
887,943,"12,13,14,39",170,40,12,0.5,0.3,LOW,1.804783582687378
970,970,"13,22",170,30,9,0.5,0.3,HIGH,1.825749397277832
925,939,"12,46,22,90",170,30,9,0.5,0.3,MEDIUM,1.8454806804656982
970,970,"1,2,52",170,30,9,0.5,0.3,LOW,1.871544361114502
887,943,"65,2,84,90,61",170,20,6,0.5,0.3,HIGH,1.8401479721069336
925,939,"2,45,82,84",170,20,6,0.5,0.3,MEDIUM,1.9228379726409912
970,970,"77,63,48",170,20,6,0.5,0.3,LOW,1.8420536518096924
925,939,"2,35,77,13,53,92",170,10,3,0.5,0.3,HIGH,1.9248321056365967
925,939,"82,35,52,53,92,77",160,150,45,0.5,0.3,HIGH,1.2895514965057373
970,970,"2,12,32",160,150,45,0.5,0.3,MEDIUM,1.2516529560089111
925,939,"35,77,55,45",170,10,3,0.5,0.3,MEDIUM,1.9916532039642334
887,943,"77,19,84,90,96",160,140,42,0.5,0.3,HIGH,1.0850977897644043
970,970,"1,55",160,150,45,0.5,0.3,LOW,1.272596836090088
849,947,"27,46,50,59,92",170,10,3,0.5,0.3,LOW,1.943934679031372
925,939,"73,22,39",160,140,42,0.5,0.3,MEDIUM,1.152916431427002
970,970,"99,77,75",160,140,42,0.5,0.3,LOW,1.2396843433380127
970,970,"12,52,32",160,130,39,0.5,0.3,MEDIUM,1.220735788345337
887,943,"35,39,12,13,14",160,130,39,0.5,0.3,HIGH,1.294538974761963
970,970,"77,22,53,92,32",160,130,39,0.5,0.3,LOW,1.171865701675415
970,970,"75,12,85,22",160,120,36,0.5,0.3,HIGH,1.2526493072509766
887,943,"2,77,78,84,85",160,120,36,0.5,0.3,MEDIUM,1.2147510051727295
970,970,"2,11,52",160,120,36,0.5,0.3,LOW,1.3114922046661377
925,939,"76,84,53,92",160,110,33,0.5,0.3,HIGH,1.2795774936676025
970,970,"2,4,13",160,110,33,0.5,0.3,LOW,1.2317044734954834
970,970,"4,53,63",160,110,33,0.5,0.3,MEDIUM,1.3563718795776367
849,947,"2,59,85,10",160,100,30,0.5,0.3,HIGH,1.3763203620910645
887,943,"50,75,68",160,100,30,0.5,0.3,MEDIUM,1.263620376586914
849,947,"65,72,53,59,92",160,100,30,0.5,0.3,LOW,1.352384328842163
887,943,"2,81,53,32",160,90,27,0.5,0.3,HIGH,1.4221229553222656
970,970,"4,53,32",160,90,27,0.5,0.3,MEDIUM,1.4480998516082764
887,943,"2,35,13,22,27",160,90,27,0.5,0.3,LOW,1.4191772937774658
925,939,"39,75,82",160,80,24,0.5,0.3,HIGH,1.4790334701538086
970,970,"53,63",160,80,24,0.5,0.3,MEDIUM,1.3843376636505127
970,970,"68,75,53,92",160,80,24,0.5,0.3,LOW,1.4511606693267822
887,943,"45,53,27,92",160,70,21,0.5,0.3,HIGH,1.4698290824890137
880,908,"39,73,90,77",160,70,21,0.5,0.3,MEDIUM,1.409116506576538
970,970,"2,13,52,53,22",160,70,21,0.5,0.3,LOW,1.7551448345184326
887,943,"39,75,84,53,90,61",160,60,18,0.5,0.3,HIGH,1.6195075511932373
887,943,"84,53,72,75",160,60,18,0.5,0.3,LOW,1.6322274208068848
925,939,"1,2,53,90",160,60,18,0.5,0.3,MEDIUM,1.8696918487548828
925,939,"2,35,12,13",160,50,15,0.5,0.3,HIGH,1.6203062534332275
925,939,"35,77,53,28",160,50,15,0.5,0.3,MEDIUM,2.0102224349975586
925,939,"1,77,22,90",160,50,15,0.5,0.3,LOW,1.750993013381958
887,943,"2,35,36,75,53",160,40,12,0.5,0.3,MEDIUM,1.862694263458252
925,939,"90,13,31",160,40,12,0.5,0.3,HIGH,1.8766930103302002
880,908,"4,13,14",160,40,12,0.5,0.3,LOW,1.6415445804595947
925,939,"2,35,22,92",160,30,9,0.5,0.3,MEDIUM,1.6744105815887451
970,970,61,160,30,9,0.5,0.3,HIGH,1.7617008686065674
925,939,"35,4,75,77,52",160,30,9,0.5,0.3,LOW,1.7201881408691406
887,943,"68,39,75,14,90",160,20,6,0.5,0.3,HIGH,1.7011125087738037
970,970,"75,77,13,85,52",160,20,6,0.5,0.3,MEDIUM,1.75046706199646
970,970,"77,13,22,32",160,20,6,0.5,0.3,LOW,1.7734894752502441
925,939,"2,35,13,82,53",160,10,3,0.5,0.3,HIGH,1.7225799560546875
970,970,"2,12,13,77",160,10,3,0.5,0.3,MEDIUM,1.728532075881958
925,939,"84,68,22",150,150,45,0.5,0.3,HIGH,1.1804664134979248
970,970,"77,46,53",150,150,45,0.5,0.3,MEDIUM,1.1116502285003662
887,943,"8,12,77,52",160,10,3,0.5,0.3,LOW,1.7805166244506836
842,912,"90,59,75,58",150,150,45,0.5,0.3,LOW,1.156686782836914
970,970,"75,4,63",150,140,42,0.5,0.3,MEDIUM,1.1256494522094727
970,970,"1,75,13",150,140,42,0.5,0.3,HIGH,1.1884818077087402
970,970,"83,92",150,140,42,0.5,0.3,LOW,1.1416382789611816
925,939,"4,39,75,77,22",150,130,39,0.5,0.3,MEDIUM,1.1525611877441406
925,939,"28,75,52,39",150,130,39,0.5,0.3,HIGH,1.216390609741211
925,939,"52,35,3",150,130,39,0.5,0.3,LOW,1.2297558784484863
970,970,"3,52,75",150,120,36,0.5,0.3,MEDIUM,1.3393077850341797
925,939,"2,35,34",150,120,36,0.5,0.3,HIGH,1.4659686088562012
970,970,"2,28,53",150,110,33,0.5,0.3,HIGH,1.3933169841766357
887,943,"35,52,53,22,84,59",150,120,36,0.5,0.3,LOW,1.529951572418213
925,939,"39,74,92",150,110,33,0.5,0.3,MEDIUM,1.423290491104126
887,943,"4,50,22,59",150,110,33,0.5,0.3,LOW,1.5110557079315186
925,939,"2,35,53,31",150,100,30,0.5,0.3,HIGH,1.430591106414795
970,970,48,150,100,30,0.5,0.3,MEDIUM,1.2870848178863525
887,943,"77,31,96",150,100,30,0.5,0.3,LOW,1.2232558727264404
970,970,"1,82,77",150,90,27,0.5,0.3,MEDIUM,1.303666114807129
970,970,"52,4,85",150,90,27,0.5,0.3,HIGH,1.4024617671966553
887,943,"65,2,75,77,82,96",150,90,27,0.5,0.3,LOW,1.4673082828521729
970,970,"82,4,52",150,80,24,0.5,0.3,HIGH,1.4767265319824219
970,970,28,150,80,24,0.5,0.3,MEDIUM,1.814915657043457
970,970,"3,13",150,80,24,0.5,0.3,LOW,2.1484034061431885
970,970,"11,32",150,70,21,0.5,0.3,HIGH,2.587278127670288
887,943,"2,39,72,28",150,60,18,0.5,0.3,HIGH,2.2243363857269287
925,939,"35,85,75",150,70,21,0.5,0.3,MEDIUM,2.526662826538086
970,970,"2,13,53,32",150,60,18,0.5,0.3,MEDIUM,2.1650516986846924
970,970,"77,46,22,55",150,70,21,0.5,0.3,LOW,2.816547155380249
887,943,"84,36,92,77,63",150,60,18,0.5,0.3,LOW,2.458669900894165
925,939,"39,12,82,52",150,50,15,0.5,0.3,HIGH,1.6664083003997803
970,970,"52,12",150,50,15,0.5,0.3,MEDIUM,1.498450517654419
970,970,"12,77,85,53",150,50,15,0.5,0.3,LOW,1.5084702968597412
970,970,"2,11,52",150,40,12,0.5,0.3,MEDIUM,1.6451070308685303
970,970,"2,13",150,40,12,0.5,0.3,HIGH,1.6520874500274658
970,970,"2,13",150,40,12,0.5,0.3,LOW,1.6723196506500244
925,939,"99,35,75",150,30,9,0.5,0.3,HIGH,1.5435614585876465
970,970,"22,79",150,30,9,0.5,0.3,MEDIUM,1.4717533588409424
970,970,4,150,30,9,0.5,0.3,LOW,1.576831579208374
970,970,"2,77,53,55",150,20,6,0.5,0.3,HIGH,1.594735860824585
970,970,"11,12",150,20,6,0.5,0.3,MEDIUM,1.5069701671600342
970,970,"52,53,79",150,20,6,0.5,0.3,LOW,1.6485905647277832
887,943,"36,39,12,77,52",150,10,3,0.5,0.3,HIGH,1.5857760906219482
887,943,"2,75,46,53,87",150,10,3,0.5,0.3,MEDIUM,1.6297087669372559
970,970,"77,6",140,150,45,0.5,0.3,HIGH,0.9904181957244873
925,939,"82,90,76",140,150,45,0.5,0.3,MEDIUM,1.0255014896392822
880,908,"2,35,68,39",150,10,3,0.5,0.3,LOW,1.6040492057800293
887,943,"35,84,85,55,96",140,150,45,0.5,0.3,LOW,0.9587748050689697
970,970,"75,53,46",140,140,42,0.5,0.3,HIGH,0.930018424987793
925,939,"12,84,53,22,52",140,140,42,0.5,0.3,MEDIUM,0.8751893043518066
880,908,"35,39,75,13,32",140,140,42,0.5,0.3,LOW,0.8805229663848877
887,943,"35,36,75,45,22",140,130,39,0.5,0.3,HIGH,0.9025764465332031
925,939,"84,22,73",140,130,39,0.5,0.3,MEDIUM,0.9024016857147217
970,970,"2,13",140,130,39,0.5,0.3,LOW,0.878650426864624
970,970,"1,12",140,120,36,0.5,0.3,HIGH,0.9136035442352295
887,943,"2,35,39,75,12,58",140,120,36,0.5,0.3,MEDIUM,0.8296606540679932
887,943,"2,12,50,53,58",140,120,36,0.5,0.3,LOW,0.9647073745727539
887,943,"58,13,14,45",140,110,33,0.5,0.3,HIGH,1.0731275081634521
970,970,"75,44,77,53",140,110,33,0.5,0.3,MEDIUM,1.0720179080963135
970,970,"22,46",140,110,33,0.5,0.3,LOW,1.2156400680541992
970,970,"82,28",140,100,30,0.5,0.3,HIGH,1.1924145221710205
925,939,"2,35,13,63",140,100,30,0.5,0.3,LOW,1.257627010345459
849,947,"90,35,36,59",140,100,30,0.5,0.3,MEDIUM,1.3814234733581543
925,939,"2,28,22,39",140,90,27,0.5,0.3,HIGH,1.4412508010864258
970,970,"82,75,60",140,90,27,0.5,0.3,MEDIUM,1.1678738594055176
970,970,"82,75,76",140,90,27,0.5,0.3,LOW,1.2074041366577148
970,970,"1,63",140,80,24,0.5,0.3,MEDIUM,1.0100107192993164
970,970,"13,46,32",140,80,24,0.5,0.3,LOW,1.0195536613464355
887,943,"39,75,13,53,90,59,92",140,80,24,0.5,0.3,HIGH,1.2959513664245605
887,943,"77,50,84,52,90,63",140,70,21,0.5,0.3,HIGH,1.1428499221801758
887,943,"52,78,39",140,70,21,0.5,0.3,MEDIUM,1.0816667079925537
880,908,"35,4,39,53,22",140,70,21,0.5,0.3,LOW,1.145543098449707
925,939,"97,39",140,60,18,0.5,0.3,HIGH,1.1319432258605957
887,943,"90,58,84,4",140,60,18,0.5,0.3,MEDIUM,1.0541927814483643
887,943,"36,39,12,52,53",140,60,18,0.5,0.3,LOW,1.0982236862182617
970,970,"3,85",140,50,15,0.5,0.3,HIGH,1.2680613994598389
925,939,"39,92,53,60",140,50,15,0.5,0.3,MEDIUM,1.3274781703948975
887,943,"2,84,53,87",140,50,15,0.5,0.3,LOW,1.711409568786621
925,939,"39,19,85",140,40,12,0.5,0.3,HIGH,1.6945428848266602
925,939,"2,84,34",140,40,12,0.5,0.3,LOW,1.696418046951294
970,970,4,140,40,12,0.5,0.3,MEDIUM,1.7416300773620605
887,943,"35,39,85,90,32",140,30,9,0.5,0.3,HIGH,1.7973179817199707
925,939,"90,13,32",140,30,9,0.5,0.3,MEDIUM,1.840200662612915
880,908,"82,92,77,58",140,30,9,0.5,0.3,LOW,1.7131340503692627
887,943,"84,59,39,76,77",140,20,6,0.5,0.3,HIGH,1.312201738357544
970,970,"21,53,77",140,20,6,0.5,0.3,MEDIUM,1.2402598857879639
970,970,"19,12",140,10,3,0.5,0.3,HIGH,1.200984001159668
887,943,"35,48,90,92,96",140,20,6,0.5,0.3,LOW,1.283026933670044
970,970,"12,22",130,150,45,0.5,0.3,HIGH,0.7070343494415283
849,947,"65,2,36,50,53,92",140,10,3,0.5,0.3,MEDIUM,1.1769921779632568
887,943,"75,14,84,90,60",130,150,45,0.5,0.3,LOW,0.5883078575134277
880,908,"65,2,77,85,92",130,150,45,0.5,0.3,MEDIUM,0.6391725540161133
925,939,"1,90,13",140,10,3,0.5,0.3,LOW,1.1650245189666748
925,939,"75,44,90,92",130,140,42,0.5,0.3,HIGH,0.6562929153442383
970,970,"52,85",130,140,42,0.5,0.3,MEDIUM,0.6362953186035156
887,943,"75,46,84,53,58",130,140,42,0.5,0.3,LOW,0.702122688293457
925,939,"2,77,13,82",130,130,39,0.5,0.3,HIGH,0.6722025871276855
970,970,"45,53",130,130,39,0.5,0.3,LOW,0.7366406917572021
925,939,"90,75,77,22",130,130,39,0.5,0.3,MEDIUM,0.789569616317749
925,939,"52,35,11,75",130,120,36,0.5,0.3,HIGH,0.7576556205749512
925,939,"84,13,31",130,120,36,0.5,0.3,MEDIUM,0.7724452018737793
970,970,"11,12",130,120,36,0.5,0.3,LOW,0.766510009765625
887,943,"2,22,85,14",130,110,33,0.5,0.3,HIGH,0.7216312885284424
970,970,"83,52",130,110,33,0.5,0.3,MEDIUM,0.7311420440673828
925,939,"2,84,28",130,110,33,0.5,0.3,LOW,0.6877462863922119
925,939,"22,90,92,61",130,100,30,0.5,0.3,HIGH,0.7129309177398682
887,943,"65,58,44,77",130,100,30,0.5,0.3,MEDIUM,0.7160048484802246
970,970,"2,83",130,100,30,0.5,0.3,LOW,0.6822655200958252
970,970,"82,52",130,90,27,0.5,0.3,HIGH,0.7315309047698975
970,970,"2,12",130,90,27,0.5,0.3,MEDIUM,0.7555422782897949
970,970,"1,12",130,90,27,0.5,0.3,LOW,0.6941695213317871
970,970,4,130,80,24,0.5,0.3,HIGH,0.7414073944091797
925,939,"53,13,39,32",130,80,24,0.5,0.3,MEDIUM,0.7650628089904785
849,947,"50,52,84,72",130,80,24,0.5,0.3,LOW,0.7500209808349609
925,939,"2,35,92,13",130,70,21,0.5,0.3,HIGH,0.8171296119689941
887,943,"68,53,78,39",130,70,21,0.5,0.3,MEDIUM,0.8548002243041992
970,970,"2,52,31",130,70,21,0.5,0.3,LOW,0.8388080596923828
887,943,"65,75,77,84,90,61",130,60,18,0.5,0.3,HIGH,0.8259007930755615
925,939,"35,75,52,22",130,60,18,0.5,0.3,MEDIUM,0.8513693809509277
970,970,"2,60",130,60,18,0.5,0.3,LOW,0.881566047668457
970,970,"55,12,92",130,50,15,0.5,0.3,HIGH,0.8756487369537354
925,939,"74,2,35",130,50,15,0.5,0.3,MEDIUM,0.8753616809844971
970,970,"3,85",130,50,15,0.5,0.3,LOW,0.7915217876434326
925,939,"2,22,90,75,12",130,40,12,0.5,0.3,HIGH,0.8843164443969727
887,943,"2,4,14,39",130,40,12,0.5,0.3,MEDIUM,0.8793189525604248
970,970,"75,77,85,53,55",130,40,12,0.5,0.3,LOW,0.8594646453857422
925,939,"2,84,53,22,32",130,30,9,0.5,0.3,HIGH,0.8621394634246826
925,939,"2,35,53,60",130,30,9,0.5,0.3,MEDIUM,0.9123754501342773
970,970,"12,92",130,30,9,0.5,0.3,LOW,0.8606095314025879
970,970,"68,53,46",130,20,6,0.5,0.3,HIGH,0.8324899673461914
887,943,"75,77,78,84,85,92",130,20,6,0.5,0.3,MEDIUM,0.7875657081604004
970,970,"12,31",130,20,6,0.5,0.3,LOW,0.8798754215240479
970,970,"2,21",120,150,45,0.5,0.3,MEDIUM,0.48235297203063965
887,943,"81,2,45,53",120,150,45,0.5,0.3,HIGH,0.535210132598877
849,947,"2,35,37,75,92",130,10,3,0.5,0.3,HIGH,0.9333148002624512
887,943,"90,75,46,39",120,150,45,0.5,0.3,LOW,0.4859762191772461
970,970,"22,32",130,10,3,0.5,0.3,MEDIUM,0.8515794277191162
925,939,"12,90,28",130,10,3,0.5,0.3,LOW,0.8014729022979736
925,939,"2,35,28",120,140,42,0.5,0.3,HIGH,0.5295376777648926
925,939,"84,52,53,22,32",120,140,42,0.5,0.3,MEDIUM,0.517531156539917
887,943,"75,13,50,53,22,58",120,140,42,0.5,0.3,LOW,0.5228488445281982
970,970,"2,13",120,130,39,0.5,0.3,HIGH,0.49639272689819336
887,943,"35,77,46,96",120,130,39,0.5,0.3,LOW,0.5621693134307861
842,912,"35,8,77",120,130,39,0.5,0.3,MEDIUM,0.60015869140625
925,939,"2,35,28,22",120,120,36,0.5,0.3,HIGH,0.5890076160430908
970,970,4,120,120,36,0.5,0.3,MEDIUM,0.7305920124053955
970,970,28,120,120,36,0.5,0.3,LOW,0.7113854885101318
970,970,"82,2,46",120,110,33,0.5,0.3,HIGH,0.720160722732544
925,939,"2,77,22,90,63",120,110,33,0.5,0.3,MEDIUM,0.7296707630157471
925,939,"2,35,75,52,63",120,100,30,0.5,0.3,HIGH,0.8398611545562744
970,970,"12,22,55",120,100,30,0.5,0.3,MEDIUM,0.9177350997924805
970,970,"52,74,77",120,110,33,0.5,0.3,LOW,1.0216150283813477
970,970,"54,22",120,100,30,0.5,0.3,LOW,1.2230870723724365
925,939,"75,77,52,53",120,80,24,0.5,0.3,HIGH,0.7590758800506592
970,970,"2,92,53,75,12",120,90,27,0.5,0.3,MEDIUM,1.108391523361206
970,970,"82,4,22",120,80,24,0.5,0.3,MEDIUM,0.8098368644714355
970,970,"1,2,92",120,90,27,0.5,0.3,LOW,1.1636085510253906
887,943,"72,82,22,90,92",120,90,27,0.5,0.3,HIGH,1.4407401084899902
970,970,"46,53,92,63",120,80,24,0.5,0.3,LOW,1.0138325691223145
970,970,"75,77,82,53,63",120,70,21,0.5,0.3,LOW,0.8263802528381348
970,970,"2,92,52,32",120,70,21,0.5,0.3,MEDIUM,0.9471008777618408
970,970,"1,2,92",120,60,18,0.5,0.3,HIGH,0.8298285007476807
970,970,"92,12",120,70,21,0.5,0.3,HIGH,1.1758465766906738
925,939,"4,77,82,84",120,60,18,0.5,0.3,MEDIUM,0.9904618263244629
887,943,"2,14,53,92,96",120,60,18,0.5,0.3,LOW,1.0370581150054932
970,970,"2,13",120,50,15,0.5,0.3,HIGH,1.0416350364685059
887,943,"65,82,84,90,63",120,50,15,0.5,0.3,MEDIUM,0.8231949806213379
970,970,"1,12",120,50,15,0.5,0.3,LOW,0.8322412967681885
925,939,"48,82,84,53",120,40,12,0.5,0.3,HIGH,0.8088467121124268
880,908,"58,4,77",120,40,12,0.5,0.3,MEDIUM,0.8314149379730225
887,943,"11,53,8",120,40,12,0.5,0.3,LOW,0.8055429458618164
970,970,"1,92,53,77",120,30,9,0.5,0.3,HIGH,0.8256700038909912
970,970,"2,82,52,85",120,30,9,0.5,0.3,MEDIUM,0.7884571552276611
925,939,"84,85,53,48",120,30,9,0.5,0.3,LOW,0.8155767917633057
849,947,"2,39,8,14,52,53",120,20,6,0.5,0.3,HIGH,0.7955601215362549
970,970,"92,21",120,20,6,0.5,0.3,MEDIUM,0.8208355903625488
887,943,"65,2,12,14,53",120,20,6,0.5,0.3,LOW,0.8431227207183838
925,939,"19,84,46",120,10,3,0.5,0.3,HIGH,0.8011815547943115
887,943,"68,84,53,96",110,150,45,0.5,0.3,HIGH,0.42928099632263184
970,970,"2,13",120,10,3,0.5,0.3,LOW,0.6817729473114014
887,943,"2,35,75,77,14,52,53",110,150,45,0.5,0.3,LOW,0.3581275939941406
925,939,"11,84,13",120,10,3,0.5,0.3,MEDIUM,0.833096981048584
887,943,"68,53,14",110,150,45,0.5,0.3,MEDIUM,0.43825793266296387
925,939,"90,32",110,140,42,0.5,0.3,HIGH,0.4587738513946533
970,970,28,110,140,42,0.5,0.3,MEDIUM,0.4308478832244873
970,970,"53,32",110,130,39,0.5,0.3,HIGH,0.46276259422302246
925,939,"35,68,46",110,140,42,0.5,0.3,LOW,0.5186126232147217
970,970,"82,92",110,130,39,0.5,0.3,MEDIUM,0.5026557445526123
925,939,"35,44,46",110,120,36,0.5,0.3,HIGH,0.5245959758758545
970,970,"3,13",110,130,39,0.5,0.3,LOW,0.5405533313751221
970,970,"75,55",110,120,36,0.5,0.3,LOW,0.583787202835083
970,970,"11,12",110,120,36,0.5,0.3,MEDIUM,0.599745512008667
970,970,"52,13,53,32",110,110,33,0.5,0.3,HIGH,0.568866491317749
849,947,"78,50,59",110,110,33,0.5,0.3,MEDIUM,0.5299711227416992
925,939,"77,52,55,90,92",110,110,33,0.5,0.3,LOW,0.5643672943115234
887,943,"75,68,71",110,100,30,0.5,0.3,HIGH,0.582317590713501
970,970,"73,75,22",110,100,30,0.5,0.3,MEDIUM,0.5982749462127686
887,943,"82,59,96,32",110,100,30,0.5,0.3,LOW,0.5180282592773438
887,943,"4,39,75,77,90,58",110,90,27,0.5,0.3,HIGH,0.5310444831848145
925,939,"75,84,55,32",110,90,27,0.5,0.3,LOW,0.5050754547119141
925,939,"2,39,34",110,90,27,0.5,0.3,MEDIUM,0.5381448268890381
887,943,"84,36,45,85",110,80,24,0.5,0.3,HIGH,0.6045644283294678
887,943,"75,46,82,84,90,96",110,80,24,0.5,0.3,MEDIUM,0.5477187633514404
925,939,"2,35,12,13",110,80,24,0.5,0.3,LOW,0.576641321182251
925,939,"39,92,79",110,70,21,0.5,0.3,HIGH,0.5466964244842529
970,970,"2,19,22",110,70,21,0.5,0.3,MEDIUM,0.5537064075469971
970,970,"82,4,2",110,70,21,0.5,0.3,LOW,0.4988532066345215
925,939,"4,2,92,84",110,60,18,0.5,0.3,HIGH,0.581589937210083
970,970,"75,12",110,50,15,0.5,0.3,HIGH,0.5656676292419434
880,908,"75,85,22,58,92",110,60,18,0.5,0.3,LOW,0.6165313720703125
880,908,"59,11,92",110,60,18,0.5,0.3,MEDIUM,0.6334857940673828
925,939,"35,77,22,55",110,50,15,0.5,0.3,LOW,0.5923268795013428
970,970,"53,46,77",110,50,15,0.5,0.3,MEDIUM,0.6373403072357178
970,970,"82,2,4",110,40,12,0.5,0.3,HIGH,0.6931099891662598
970,970,"83,92",110,40,12,0.5,0.3,MEDIUM,0.6899001598358154
925,939,"35,75,77,13,52,92",110,40,12,0.5,0.3,LOW,0.6679434776306152
887,943,"2,35,46,50,52,90",110,30,9,0.5,0.3,MEDIUM,0.6819057464599609
925,939,"39,77,53,63",110,30,9,0.5,0.3,HIGH,0.7068750858306885
925,939,"2,35,28,22",110,20,6,0.5,0.3,HIGH,0.6443657875061035
925,939,"90,54",110,30,9,0.5,0.3,LOW,0.7082476615905762
887,943,"76,50,84,90",110,20,6,0.5,0.3,MEDIUM,0.7338142395019531
880,908,"65,2,55",110,20,6,0.5,0.3,LOW,0.7399566173553467
887,943,"77,52,53,96",100,150,45,0.5,0.3,HIGH,0.4086453914642334
970,970,"75,85,92,63",110,10,3,0.5,0.3,HIGH,0.7870895862579346
970,970,"2,85,46",100,150,45,0.5,0.3,MEDIUM,0.6544280052185059
925,939,"2,35,75,12,77",110,10,3,0.5,0.3,MEDIUM,0.9048459529876709
887,943,"50,35,39,92",100,150,45,0.5,0.3,LOW,0.48926472663879395
970,970,"82,75,77",100,140,42,0.5,0.3,HIGH,0.42946505546569824
970,970,"82,53,46",100,140,42,0.5,0.3,MEDIUM,0.43544936180114746
970,970,"2,75,34",110,10,3,0.5,0.3,LOW,1.0217814445495605
970,970,"2,53,34",100,140,42,0.5,0.3,LOW,0.42327332496643066
970,970,"2,75,22",100,130,39,0.5,0.3,LOW,0.34229111671447754
887,943,"39,75,76,27",100,130,39,0.5,0.3,HIGH,0.4072446823120117
887,943,"65,74,58",100,130,39,0.5,0.3,MEDIUM,0.38036394119262695
880,908,"63,39",100,120,36,0.5,0.3,HIGH,0.36223697662353516
887,943,"2,35,50,28",100,120,36,0.5,0.3,MEDIUM,0.3664364814758301
925,939,"90,60,85",100,120,36,0.5,0.3,LOW,0.40032100677490234
970,970,"53,32,55,77",100,110,33,0.5,0.3,HIGH,0.3773329257965088
970,970,"19,52,53,75",100,110,33,0.5,0.3,MEDIUM,0.3397047519683838
925,939,"2,39,34",100,110,33,0.5,0.3,LOW,0.432497501373291
970,970,"19,77,13",100,100,30,0.5,0.3,HIGH,0.4683539867401123
880,908,"90,75,92,77",100,100,30,0.5,0.3,MEDIUM,0.46686840057373047
925,939,"39,75,13,46,92",100,100,30,0.5,0.3,LOW,0.48564743995666504
887,943,"35,48,50,90,92",100,90,27,0.5,0.3,HIGH,0.49254703521728516
970,970,"82,85,55",100,90,27,0.5,0.3,MEDIUM,0.4934704303741455
887,943,"39,13,78,45",100,90,27,0.5,0.3,LOW,0.5042707920074463
925,939,"2,19,53,39",100,80,24,0.5,0.3,MEDIUM,0.5281641483306885
970,970,"22,92,77",100,80,24,0.5,0.3,HIGH,0.7206499576568604
887,943,"90,85,14",100,80,24,0.5,0.3,LOW,0.6722683906555176
925,939,"2,35,12,13",100,70,21,0.5,0.3,MEDIUM,0.5884523391723633
970,970,4,100,70,21,0.5,0.3,HIGH,0.7061371803283691
887,943,"84,36,53,46",100,70,21,0.5,0.3,LOW,0.6024885177612305
925,939,"35,22,13,63",100,60,18,0.5,0.3,HIGH,0.6103663444519043
887,943,"90,92,4",100,60,18,0.5,0.3,MEDIUM,0.6213366985321045
925,939,"90,77,52,85",100,60,18,0.5,0.3,LOW,0.6133604049682617
970,970,"11,12",100,50,15,0.5,0.3,MEDIUM,0.6422817707061768
970,970,"92,54",100,50,15,0.5,0.3,HIGH,0.6961386203765869
925,939,"90,82,75",100,50,15,0.5,0.3,LOW,0.6452741622924805
970,970,"75,77,85",100,40,12,0.5,0.3,HIGH,0.5944099426269531
887,943,"82,53,75,39,90,59",100,40,12,0.5,0.3,MEDIUM,0.6333060264587402
925,939,"2,75,82,84,85",100,40,12,0.5,0.3,LOW,0.5734682083129883
887,943,"39,19,84,53,90",100,30,9,0.5,0.3,HIGH,0.560499906539917
970,970,"2,12",100,30,9,0.5,0.3,MEDIUM,0.57546067237854
925,939,"39,52,22,85",100,30,9,0.5,0.3,LOW,0.5644903182983398
887,943,"1,77,62",100,20,6,0.5,0.3,HIGH,0.5446746349334717
970,970,"2,54",100,20,6,0.5,0.3,MEDIUM,0.5297596454620361
925,939,"2,35,12,85",100,20,6,0.5,0.3,LOW,0.5995728969573975
970,970,"45,53",90,150,45,0.5,0.3,HIGH,0.26546573638916016
842,912,"35,36,39,53",90,150,45,0.5,0.3,MEDIUM,0.25037312507629395
970,970,"12,45,22",100,10,3,0.5,0.3,HIGH,0.5856106281280518
925,939,"2,11,53,90",90,150,45,0.5,0.3,LOW,0.2902228832244873
925,939,"35,28,53,13",100,10,3,0.5,0.3,MEDIUM,0.6274979114532471
970,970,"2,75,22",90,140,42,0.5,0.3,HIGH,0.32413244247436523
887,943,"75,19,90,59",90,140,42,0.5,0.3,MEDIUM,0.3251309394836426
887,943,"65,39,75,77,90,61",90,140,42,0.5,0.3,LOW,0.34108877182006836
970,970,"99,92",100,10,3,0.5,0.3,LOW,0.6274974346160889
880,908,"35,84,73,75",90,130,39,0.5,0.3,HIGH,0.37200379371643066
887,943,"65,75,82,52,84,90",90,130,39,0.5,0.3,MEDIUM,0.3749973773956299
842,912,"65,39,75,14",90,130,39,0.5,0.3,LOW,0.3700101375579834
970,970,"11,22",90,120,36,0.5,0.3,HIGH,0.3540530204772949
887,943,"90,39,53,22,58,32",90,120,36,0.5,0.3,MEDIUM,0.3779890537261963
887,943,"35,72,77,22,32",90,110,33,0.5,0.3,HIGH,0.36901283264160156
925,939,"75,19,22,39",90,120,36,0.5,0.3,LOW,0.3809812068939209
970,970,"2,52,32",90,110,33,0.5,0.3,LOW,0.3670186996459961
970,970,"52,4,53,22",90,110,33,0.5,0.3,MEDIUM,0.38796210289001465
970,970,"2,12,32",90,100,30,0.5,0.3,HIGH,0.3749971389770508
970,970,"75,13,77,92",90,100,30,0.5,0.3,MEDIUM,0.364025354385376
970,970,"77,53,85",90,90,27,0.5,0.3,HIGH,0.3500630855560303
925,939,"2,22,39,48",90,100,30,0.5,0.3,LOW,0.37100791931152344
887,943,"35,39,12,77,22,96",90,90,27,0.5,0.3,MEDIUM,0.3640260696411133
925,939,"74,2,35",90,90,27,0.5,0.3,LOW,0.34408044815063477
880,908,"65,53,74",90,80,24,0.5,0.3,HIGH,0.36801648139953613
887,943,"90,2,84,53,92,58",90,80,24,0.5,0.3,MEDIUM,0.31914615631103516
970,970,"2,54",90,80,24,0.5,0.3,LOW,0.38497233390808105
925,939,"90,2,3",90,70,21,0.5,0.3,MEDIUM,0.34906649589538574
887,943,"50,35,44,75",90,70,21,0.5,0.3,HIGH,0.37998390197753906
887,943,"35,90,92,61,96",90,70,21,0.5,0.3,LOW,0.39394593238830566
849,947,"35,75,53,58,59,92,96",90,60,18,0.5,0.3,HIGH,0.3540527820587158
970,970,"2,3,53",90,60,18,0.5,0.3,MEDIUM,0.3500664234161377
970,970,"82,55",90,60,18,0.5,0.3,LOW,0.36502623558044434
925,939,"84,13,46",90,50,15,0.5,0.3,HIGH,0.36901259422302246
970,970,"11,32",90,50,15,0.5,0.3,MEDIUM,0.36602091789245605
970,970,"2,53,55,13",90,50,15,0.5,0.3,LOW,0.4089066982269287
925,939,"2,35,48",90,40,12,0.5,0.3,HIGH,0.3919527530670166
970,970,"13,22",90,40,12,0.5,0.3,LOW,0.3720052242279053
925,939,"39,75,53,85,63",90,40,12,0.5,0.3,MEDIUM,0.43783020973205566
925,939,"19,84,13",90,30,9,0.5,0.3,HIGH,0.45976924896240234
887,943,"39,50,84,52,53,32",90,30,9,0.5,0.3,MEDIUM,0.42386651039123535
970,970,"2,99",90,30,9,0.5,0.3,LOW,0.3899571895599365
925,939,"35,52,13,63",90,20,6,0.5,0.3,HIGH,0.4408223628997803
887,943,"39,50,52,84,63",90,20,6,0.5,0.3,MEDIUM,0.436830997467041
970,970,"75,63",80,150,45,0.5,0.3,HIGH,0.1625652313232422
925,939,"82,2,90,63",90,20,6,0.5,0.3,LOW,0.4587740898132324
887,943,"35,77,82,84,53,92,96",90,10,3,0.5,0.3,HIGH,0.4727342128753662
970,970,"77,63",80,150,45,0.5,0.3,MEDIUM,0.1466069221496582
970,970,"85,22",80,150,45,0.5,0.3,LOW,0.18151402473449707
887,943,"71,32",80,140,42,0.5,0.3,HIGH,0.19647622108459473
887,943,"65,2,90,13,84,92",80,140,42,0.5,0.3,MEDIUM,0.18151378631591797
970,970,"44,12",90,10,3,0.5,0.3,MEDIUM,0.4607677459716797
925,939,"39,52,85,92",80,140,42,0.5,0.3,LOW,0.18849587440490723
873,873,"77,54",90,10,3,0.5,0.3,LOW,0.4697437286376953
970,970,"2,13",80,130,39,0.5,0.3,HIGH,0.1934823989868164
887,943,"39,72,75,60",80,120,36,0.5,0.3,HIGH,0.1486039161682129
970,970,"75,77,85",80,130,39,0.5,0.3,MEDIUM,0.2124321460723877
970,970,"2,13,46",80,130,39,0.5,0.3,LOW,0.19946670532226562
925,939,"53,12",80,120,36,0.5,0.3,MEDIUM,0.23778319358825684
849,947,"65,39,8,75,32",80,120,36,0.5,0.3,LOW,0.2318437099456787
970,970,"82,77,53",80,110,33,0.5,0.3,HIGH,0.19992828369140625
925,939,"82,76,39",80,110,33,0.5,0.3,LOW,0.19429540634155273
970,970,"92,77,22",80,110,33,0.5,0.3,MEDIUM,0.25513243675231934
835,877,"2,28,14,39",80,100,30,0.5,0.3,HIGH,0.2551743984222412
887,943,"2,62",80,100,30,0.5,0.3,MEDIUM,0.2412118911743164
880,908,"52,53,96",80,90,27,0.5,0.3,MEDIUM,0.22631359100341797
970,970,"92,46",80,100,30,0.5,0.3,LOW,0.2642555236816406
887,943,"35,36,13,22",80,90,27,0.5,0.3,HIGH,0.2622668743133545
970,970,"77,82,52,53,85",80,90,27,0.5,0.3,LOW,0.2369840145111084
887,943,"77,46,53,59",80,80,24,0.5,0.3,HIGH,0.290163516998291
887,943,"39,77,92,58",80,80,24,0.5,0.3,MEDIUM,0.28218889236450195
880,908,"2,75,53,92",80,80,24,0.5,0.3,LOW,0.2662315368652344
880,908,"90,2,13",80,70,21,0.5,0.3,MEDIUM,0.2208268642425537
970,970,"2,75,28,22",80,70,21,0.5,0.3,LOW,0.24305319786071777
970,970,"1,32",80,70,21,0.5,0.3,HIGH,0.2870321273803711
887,943,"35,39,77,50,53",80,60,18,0.5,0.3,HIGH,0.3159046173095703
925,939,"75,82,84,85,92",80,60,18,0.5,0.3,MEDIUM,0.32001781463623047
887,943,"46,84,58",80,60,18,0.5,0.3,LOW,0.31503939628601074
925,939,"75,52,85,53,84,92",80,50,15,0.5,0.3,MEDIUM,0.27614355087280273
970,970,"34,53,92",80,50,15,0.5,0.3,HIGH,0.3359839916229248
887,943,"2,22,39,72",80,50,15,0.5,0.3,LOW,0.26593852043151855
925,939,"35,12,13,75",80,40,12,0.5,0.3,HIGH,0.3177919387817383
925,939,"84,76,77",80,40,12,0.5,0.3,MEDIUM,0.33873796463012695
925,939,"77,84,85,53,32",80,30,9,0.5,0.3,HIGH,0.27875423431396484
925,939,"75,13,84,28",80,30,9,0.5,0.3,MEDIUM,0.28981804847717285
849,947,"65,75,92,96,39,50,53",80,40,12,0.5,0.3,LOW,0.35170602798461914
970,970,"2,31",80,30,9,0.5,0.3,LOW,0.3360886573791504
970,970,"13,22,53,32",80,20,6,0.5,0.3,HIGH,0.3350343704223633
887,943,"39,46,58",70,150,45,0.5,0.3,HIGH,0.09478974342346191
970,970,"77,6",70,150,45,0.5,0.3,MEDIUM,0.0928342342376709
925,939,"2,12,77,22",80,20,6,0.5,0.3,MEDIUM,0.38004469871520996
925,939,"90,2,75,11",70,150,45,0.5,0.3,LOW,0.10090255737304688
970,970,"82,76,77",80,20,6,0.5,0.3,LOW,0.3622782230377197
849,947,"36,48,90,27",70,140,42,0.5,0.3,HIGH,0.12494301795959473
887,943,"75,77,84,87,92",80,10,3,0.5,0.3,MEDIUM,0.3259701728820801
970,970,"2,11,77,53",70,140,42,0.5,0.3,MEDIUM,0.13993549346923828
925,939,"84,6",70,140,42,0.5,0.3,LOW,0.10311436653137207
887,943,"75,77,52,85,90,96",80,10,3,0.5,0.3,HIGH,0.3890528678894043
849,947,"18,35,84,53,55",80,10,3,0.5,0.3,LOW,0.3954629898071289
887,943,"59,13,22,53",70,130,39,0.5,0.3,MEDIUM,0.13441061973571777
880,908,"2,35,13",70,130,39,0.5,0.3,HIGH,0.1514112949371338
887,943,"2,35,75,59",70,130,39,0.5,0.3,LOW,0.12746858596801758
970,970,"53,54,75",70,120,36,0.5,0.3,HIGH,0.15635395050048828
925,939,"63,90,75,55",70,120,36,0.5,0.3,MEDIUM,0.13134193420410156
842,912,"46,14,52,53,84",70,120,36,0.5,0.3,LOW,0.14530444145202637
970,970,"75,91",70,110,33,0.5,0.3,HIGH,0.15395689010620117
887,943,"90,75,76,50",70,110,33,0.5,0.3,MEDIUM,0.12697553634643555
970,970,4,70,110,33,0.5,0.3,LOW,0.17783904075622559
849,947,"35,39,78,59",70,100,30,0.5,0.3,HIGH,0.18685030937194824
849,947,"2,36,52,53,58,59",70,100,30,0.5,0.3,LOW,0.1459205150604248
887,943,"74,90,59",70,90,27,0.5,0.3,HIGH,0.15788578987121582
887,943,"81,92",70,100,30,0.5,0.3,MEDIUM,0.19179773330688477
887,943,"12,13,8",70,90,27,0.5,0.3,MEDIUM,0.187652587890625
880,908,"22,46,13,14",70,90,27,0.5,0.3,LOW,0.18561911582946777
887,943,"84,22,90,58",70,70,21,0.5,0.3,HIGH,0.14365696907043457
970,970,4,70,80,24,0.5,0.3,HIGH,0.20157718658447266
887,943,"39,75,77,52,53,90,59,92",70,80,24,0.5,0.3,LOW,0.1995072364807129
887,943,"65,4,14,92",70,80,24,0.5,0.3,MEDIUM,0.20848345756530762
887,943,"39,59,13",70,70,21,0.5,0.3,MEDIUM,0.18953323364257812
925,939,"3,35,92",70,70,21,0.5,0.3,LOW,0.20761561393737793
887,943,"90,39,75,84,22",70,60,18,0.5,0.3,HIGH,0.2226104736328125
849,947,"59,58,27,28",70,60,18,0.5,0.3,MEDIUM,0.19867420196533203
887,943,"35,39,77,22,96",70,50,15,0.5,0.3,HIGH,0.19880437850952148
970,970,"73,82",70,60,18,0.5,0.3,LOW,0.23474979400634766
925,939,"1,75,77,84,53",70,50,15,0.5,0.3,MEDIUM,0.24871420860290527
925,939,"12,90,28",70,50,15,0.5,0.3,LOW,0.2488715648651123
887,943,"75,14,53,28,96",70,40,12,0.5,0.3,MEDIUM,0.21081042289733887
887,943,"4,39,75,77,27",70,40,12,0.5,0.3,HIGH,0.25971293449401855
849,947,"35,39,72,77,14,22",70,40,12,0.5,0.3,LOW,0.1978435516357422
970,970,"2,99",70,30,9,0.5,0.3,HIGH,0.24558568000793457
970,970,"2,21",70,30,9,0.5,0.3,MEDIUM,0.27446603775024414
925,939,"90,28,32",70,20,6,0.5,0.3,HIGH,0.21446609497070312
842,912,"84,59,75,96",70,30,9,0.5,0.3,LOW,0.27247118949890137
880,908,"75,77,14,85,92",60,150,45,0.5,0.3,HIGH,0.059839725494384766
887,943,"75,77,90,27,61",70,20,6,0.5,0.3,MEDIUM,0.21941328048706055
970,970,"28,45,53",60,150,45,0.5,0.3,MEDIUM,0.07080984115600586
887,943,"35,12,85,90,96",70,20,6,0.5,0.3,LOW,0.24434757232666016
970,970,17,60,150,45,0.5,0.3,LOW,0.060837745666503906
887,943,"2,75,59,39",60,140,42,0.5,0.3,HIGH,0.07679438591003418
970,970,"82,53,22,55",70,10,3,0.5,0.3,HIGH,0.2712743282318115
925,939,"83,84,77",60,140,42,0.5,0.3,MEDIUM,0.06582498550415039
887,943,"65,2,77,53",60,140,42,0.5,0.3,LOW,0.07878756523132324
970,970,"92,53,46",60,130,39,0.5,0.3,HIGH,0.09075760841369629
887,943,"1,53",70,10,3,0.5,0.3,MEDIUM,0.2682833671569824
880,908,"35,39,13,52,53,22",60,130,39,0.5,0.3,LOW,0.06582427024841309
925,939,"92,85,53",60,130,39,0.5,0.3,MEDIUM,0.0827798843383789
925,939,"35,95",60,120,36,0.5,0.3,HIGH,0.08377504348754883
887,943,"35,13,22,39",60,120,36,0.5,0.3,MEDIUM,0.08776640892028809
970,970,"11,53,46",70,10,3,0.5,0.3,LOW,0.29321718215942383
849,947,"36,59,96",60,120,36,0.5,0.3,LOW,0.0937492847442627
970,970,"53,95",60,110,33,0.5,0.3,LOW,0.0797882080078125
970,970,"12,53",60,110,33,0.5,0.3,HIGH,0.1077108383178711
970,970,"2,19,22",60,110,33,0.5,0.3,MEDIUM,0.11170101165771484
849,947,"65,2,35,39,75,77,90",60,100,30,0.5,0.3,HIGH,0.11768555641174316
925,939,"39,92,52,28",60,100,30,0.5,0.3,MEDIUM,0.08377766609191895
925,939,"75,77,90,92",60,100,30,0.5,0.3,LOW,0.12366819381713867
970,970,"75,79,22",60,90,27,0.5,0.3,MEDIUM,0.12765717506408691
849,947,"65,35,13,14,53,58",60,90,27,0.5,0.3,HIGH,0.13164806365966797
970,970,"75,77,52,92",60,80,24,0.5,0.3,HIGH,0.118682861328125
849,947,"27,4,39",60,90,27,0.5,0.3,LOW,0.1296541690826416
849,947,"2,39,75,50,90",60,80,24,0.5,0.3,MEDIUM,0.10372233390808105
887,943,"46,62,32",60,80,24,0.5,0.3,LOW,0.11668753623962402
970,970,"75,77,46",60,70,21,0.5,0.3,HIGH,0.1326453685760498
887,943,"77,84,22,63,96",60,60,18,0.5,0.3,HIGH,0.13364219665527344
880,908,"45,39",60,70,21,0.5,0.3,MEDIUM,0.15059733390808105
970,970,"77,53,85",60,70,21,0.5,0.3,LOW,0.1515960693359375
842,912,"65,13,84,53,52,59",60,60,18,0.5,0.3,LOW,0.13065075874328613
887,943,"65,2,13,52,96",60,60,18,0.5,0.3,MEDIUM,0.1625666618347168
887,943,"90,75,92,78",60,50,15,0.5,0.3,HIGH,0.15159320831298828
970,970,4,60,50,15,0.5,0.3,LOW,0.12110209465026855
970,970,"2,54",60,50,15,0.5,0.3,MEDIUM,0.17104506492614746
887,943,"90,84,92,58",60,40,12,0.5,0.3,MEDIUM,0.16106820106506348
887,943,"71,34",60,40,12,0.5,0.3,HIGH,0.1700453758239746
925,939,"90,95",60,40,12,0.5,0.3,LOW,0.17004632949829102
887,943,"65,75,84,90,92,32",60,30,9,0.5,0.3,HIGH,0.18699955940246582
880,908,"75,77,82,84",60,30,9,0.5,0.3,MEDIUM,0.18400883674621582
925,939,"12,35,4",60,30,9,0.5,0.3,LOW,0.19252419471740723
925,939,"2,13,55,90",60,20,6,0.5,0.3,HIGH,0.19248294830322266
887,943,"13,45,84,90,59",60,20,6,0.5,0.3,LOW,0.17553186416625977
887,943,"75,14,46,84",60,20,6,0.5,0.3,MEDIUM,0.1874990463256836
887,943,"35,13,55,27",60,10,3,0.5,0.3,HIGH,0.19248485565185547
887,943,"72,22,84",60,10,3,0.5,0.3,MEDIUM,0.16758441925048828
887,943,"13,71,32",60,10,3,0.5,0.3,LOW,0.15960931777954102
